product_id,variant_id,category_id,category_en_source,source_ref,source_cell,source_no,name_en_source,name_ar_source,name_en_suggested,name_ar_suggested,review_codes,price_jod_source,amount_minor_fils,currency,price_includes_tax,available_drive,available_house,description,sizes_addons,image,pos_item_id,status
PRD-00001,PRD-00001-V01,CAT-001,HOT DRINKS,S1 #1,Sheet1!R3,1,TURKISH COFFEE S,قهوة تركية سادة,,,MQ-02 AR-01,1.50,1500,JOD,true,UNKNOWN,UNKNOWN,DESCRIPTION MISSING,MISSING — OWNER INPUT REQUIRED,MISSING,MISSING,DRAFT — PENDING OWNER APPROVAL
PRD-00002,PRD-00002-V01,CAT-001,HOT DRINKS,S1 #2,Sheet1!R4,2,TURKISH COFFEE D,قهوة تركية وسط/حلوة,,,MQ-02 AR-01,2.50,2500,JOD,true,UNKNOWN,UNKNOWN,DESCRIPTION MISSING,MISSING — OWNER INPUT REQUIRED,MISSING,MISSING,DRAFT — PENDING OWNER APPROVAL
PRD-00003,PRD-00003-V01,CAT-001,HOT DRINKS,S1 #3,Sheet1!R5,3,AMERICAN COFFEE,قهوة أمريكية,,,DUP-02,2.00,2000,JOD,true,UNKNOWN,UNKNOWN,DESCRIPTION MISSING,MISSING — OWNER INPUT REQUIRED,MISSING,MISSING,DRAFT — PENDING OWNER APPROVAL
PRD-00004,PRD-00004-V01,CAT-001,HOT DRINKS,S1 #4,Sheet1!R6,4,AMERICANO,أمريكانو,,,DUP-02,2.00,2000,JOD,true,UNKNOWN,UNKNOWN,DESCRIPTION MISSING,MISSING — OWNER INPUT REQUIRED,MISSING,MISSING,DRAFT — PENDING OWNER APPROVAL
PRD-00005,PRD-00005-V01,CAT-001,HOT DRINKS,S1 #5,Sheet1!R7,5,RED EYE,ريد آي,,,,2.50,2500,JOD,true,UNKNOWN,UNKNOWN,DESCRIPTION MISSING,MISSING — OWNER INPUT REQUIRED,MISSING,MISSING,DRAFT — PENDING OWNER APPROVAL
PRD-00006,PRD-00006-V01,CAT-001,HOT DRINKS,S1 #6,Sheet1!R8,6,BLACK EYE,بلاك آي,,,,2.75,2750,JOD,true,UNKNOWN,UNKNOWN,DESCRIPTION MISSING,MISSING — OWNER INPUT REQUIRED,MISSING,MISSING,DRAFT — PENDING OWNER APPROVAL
PRD-00007,PRD-00007-V01,CAT-001,HOT DRINKS,S1 #7,Sheet1!R9,7,DEAD EYE,ديد آي,,,,3.00,3000,JOD,true,UNKNOWN,UNKNOWN,DESCRIPTION MISSING,MISSING — OWNER INPUT REQUIRED,MISSING,MISSING,DRAFT — PENDING OWNER APPROVAL
PRD-00008,PRD-00008-V01,CAT-001,HOT DRINKS,S1 #8,Sheet1!R10,8,EYE OF THE TIGER,آي أوف ذا تايغر,,,,3.25,3250,JOD,true,UNKNOWN,UNKNOWN,DESCRIPTION MISSING,MISSING — OWNER INPUT REQUIRED,MISSING,MISSING,DRAFT — PENDING OWNER APPROVAL
PRD-00009,PRD-00009-V01,CAT-001,HOT DRINKS,S1 #9,Sheet1!R11,9,ESPRESSO D,إسبريسو دوبل,ESPRESSO DOUBLE,,NR-13,2.00,2000,JOD,true,UNKNOWN,UNKNOWN,DESCRIPTION MISSING,MISSING — OWNER INPUT REQUIRED,MISSING,MISSING,DRAFT — PENDING OWNER APPROVAL
PRD-00010,PRD-00010-V01,CAT-001,HOT DRINKS,S1 #10,Sheet1!R12,10,ESPRESSO CON PANNA,إسبريسو كون بانا,,,,2.50,2500,JOD,true,UNKNOWN,UNKNOWN,DESCRIPTION MISSING,MISSING — OWNER INPUT REQUIRED,MISSING,MISSING,DRAFT — PENDING OWNER APPROVAL
PRD-00011,PRD-00011-V01,CAT-001,HOT DRINKS,S1 #11,Sheet1!R13,11,ESPRESSO MACCHIATO,إسبريسو ماكياتو,,,DUP-03,2.50,2500,JOD,true,UNKNOWN,UNKNOWN,DESCRIPTION MISSING,MISSING — OWNER INPUT REQUIRED,MISSING,MISSING,DRAFT — PENDING OWNER APPROVAL
PRD-00012,PRD-00012-V01,CAT-001,HOT DRINKS,S1 #12,Sheet1!R14,12,MACCHIATO,ماكياتو,,,DUP-03,2.50,2500,JOD,true,UNKNOWN,UNKNOWN,DESCRIPTION MISSING,MISSING — OWNER INPUT REQUIRED,MISSING,MISSING,DRAFT — PENDING OWNER APPROVAL
PRD-00013,PRD-00013-V01,CAT-001,HOT DRINKS,S1 #13,Sheet1!R15,13,CARAMEL MACCHIATO,كراميل ماكياتو,,,,3.00,3000,JOD,true,UNKNOWN,UNKNOWN,DESCRIPTION MISSING,MISSING — OWNER INPUT REQUIRED,MISSING,MISSING,DRAFT — PENDING OWNER APPROVAL
PRD-00014,PRD-00014-V01,CAT-001,HOT DRINKS,S1 #14,Sheet1!R16,14,CAPPUCCINO,كابتشينو,,,,2.50,2500,JOD,true,UNKNOWN,UNKNOWN,DESCRIPTION MISSING,MISSING — OWNER INPUT REQUIRED,MISSING,MISSING,DRAFT — PENDING OWNER APPROVAL
PRD-00015,PRD-00015-V01,CAT-001,HOT DRINKS,S1 #15,Sheet1!R17,15,LATTE,لاتيه,,,,2.50,2500,JOD,true,UNKNOWN,UNKNOWN,DESCRIPTION MISSING,MISSING — OWNER INPUT REQUIRED,MISSING,MISSING,DRAFT — PENDING OWNER APPROVAL
PRD-00016,PRD-00016-V01,CAT-001,HOT DRINKS,S1 #16,Sheet1!R18,16,FLAT WHITE,فلات وايت,,,,2.50,2500,JOD,true,UNKNOWN,UNKNOWN,DESCRIPTION MISSING,MISSING — OWNER INPUT REQUIRED,MISSING,MISSING,DRAFT — PENDING OWNER APPROVAL
PRD-00017,PRD-00017-V01,CAT-001,HOT DRINKS,S1 #17,Sheet1!R19,17,CORTADO,كورتادو,,,,2.50,2500,JOD,true,UNKNOWN,UNKNOWN,DESCRIPTION MISSING,MISSING — OWNER INPUT REQUIRED,MISSING,MISSING,DRAFT — PENDING OWNER APPROVAL
PRD-00018,PRD-00018-V01,CAT-001,HOT DRINKS,S1 #18,Sheet1!R20,18,SPANISH LATTE,سبانيش لاتيه,,,,3.00,3000,JOD,true,UNKNOWN,UNKNOWN,DESCRIPTION MISSING,MISSING — OWNER INPUT REQUIRED,MISSING,MISSING,DRAFT — PENDING OWNER APPROVAL
PRD-00019,PRD-00019-V01,CAT-001,HOT DRINKS,S1 #19,Sheet1!R21,19,FRENCH COFFEE,قهوة فرنسية,,,,3.25,3250,JOD,true,UNKNOWN,UNKNOWN,DESCRIPTION MISSING,MISSING — OWNER INPUT REQUIRED,MISSING,MISSING,DRAFT — PENDING OWNER APPROVAL
PRD-00020,PRD-00020-V01,CAT-001,HOT DRINKS,S1 #20,Sheet1!R22,20,CARAMEL LATTE,كراميل لاتيه,,,,2.75,2750,JOD,true,UNKNOWN,UNKNOWN,DESCRIPTION MISSING,MISSING — OWNER INPUT REQUIRED,MISSING,MISSING,DRAFT — PENDING OWNER APPROVAL
PRD-00021,PRD-00021-V01,CAT-001,HOT DRINKS,S1 #21,Sheet1!R23,21,VANILIA LATTE,فانيلا لاتيه,VANILLA LATTE,,NR-01,2.75,2750,JOD,true,UNKNOWN,UNKNOWN,DESCRIPTION MISSING,MISSING — OWNER INPUT REQUIRED,MISSING,MISSING,DRAFT — PENDING OWNER APPROVAL
PRD-00022,PRD-00022-V01,CAT-001,HOT DRINKS,S1 #22,Sheet1!R24,22,HAZELNUT LATTE,هازلنت لاتيه,,,,2.75,2750,JOD,true,UNKNOWN,UNKNOWN,DESCRIPTION MISSING,MISSING — OWNER INPUT REQUIRED,MISSING,MISSING,DRAFT — PENDING OWNER APPROVAL
PRD-00023,PRD-00023-V01,CAT-001,HOT DRINKS,S1 #23,Sheet1!R25,23,CINAMON NUT LATTE,سينامون نت لاتيه,CINNAMON NUT LATTE,,NR-04,3.00,3000,JOD,true,UNKNOWN,UNKNOWN,DESCRIPTION MISSING,MISSING — OWNER INPUT REQUIRED,MISSING,MISSING,DRAFT — PENDING OWNER APPROVAL
PRD-00024,PRD-00024-V01,CAT-001,HOT DRINKS,S1 #24,Sheet1!R26,24,SALTED CARAMEL LATTE,سولتد كراميل لاتيه,,,,3.00,3000,JOD,true,UNKNOWN,UNKNOWN,DESCRIPTION MISSING,MISSING — OWNER INPUT REQUIRED,MISSING,MISSING,DRAFT — PENDING OWNER APPROVAL
PRD-00025,PRD-00025-V01,CAT-001,HOT DRINKS,S1 #25,Sheet1!R27,25,IRISH LATTE,آيريش لاتيه,,,,3.00,3000,JOD,true,UNKNOWN,UNKNOWN,DESCRIPTION MISSING,MISSING — OWNER INPUT REQUIRED,MISSING,MISSING,DRAFT — PENDING OWNER APPROVAL
PRD-00026,PRD-00026-V01,CAT-001,HOT DRINKS,S1 #26,Sheet1!R28,26,MATCHA LATTE,ماتشا لاتيه,,,,3.50,3500,JOD,true,UNKNOWN,UNKNOWN,DESCRIPTION MISSING,MISSING — OWNER INPUT REQUIRED,MISSING,MISSING,DRAFT — PENDING OWNER APPROVAL
PRD-00027,PRD-00027-V01,CAT-001,HOT DRINKS,S1 #27,Sheet1!R29,27,CARAMEL FREE LATTE,كراميل لاتيه (بدون سكر),CARAMEL LATTE (SUGAR-FREE),,NR-02 AR-05 MQ-08,2.75,2750,JOD,true,UNKNOWN,UNKNOWN,DESCRIPTION MISSING,MISSING — OWNER INPUT REQUIRED,MISSING,MISSING,DRAFT — PENDING OWNER APPROVAL
PRD-00028,PRD-00028-V01,CAT-001,HOT DRINKS,S1 #28,Sheet1!R30,28,VANILIA FREE LATTE,فانيلا لاتيه (بدون سكر),VANILLA LATTE (SUGAR-FREE),,NR-01 NR-02 AR-05 MQ-08,2.75,2750,JOD,true,UNKNOWN,UNKNOWN,DESCRIPTION MISSING,MISSING — OWNER INPUT REQUIRED,MISSING,MISSING,DRAFT — PENDING OWNER APPROVAL
PRD-00029,PRD-00029-V01,CAT-001,HOT DRINKS,S1 #29,Sheet1!R31,29,HAZELNUT FREE LATTE,هازلنت لاتيه (بدون سكر),HAZELNUT LATTE (SUGAR-FREE),,NR-02 AR-05 MQ-08,2.75,2750,JOD,true,UNKNOWN,UNKNOWN,DESCRIPTION MISSING,MISSING — OWNER INPUT REQUIRED,MISSING,MISSING,DRAFT — PENDING OWNER APPROVAL
PRD-00030,PRD-00030-V01,CAT-001,HOT DRINKS,S1 #30,Sheet1!R32,30,MOCHA,موكا,,,,3.00,3000,JOD,true,UNKNOWN,UNKNOWN,DESCRIPTION MISSING,MISSING — OWNER INPUT REQUIRED,MISSING,MISSING,DRAFT — PENDING OWNER APPROVAL
PRD-00031,PRD-00031-V01,CAT-001,HOT DRINKS,S1 #31,Sheet1!R33,31,WHITE MOCHA,وايت موكا,,,,3.00,3000,JOD,true,UNKNOWN,UNKNOWN,DESCRIPTION MISSING,MISSING — OWNER INPUT REQUIRED,MISSING,MISSING,DRAFT — PENDING OWNER APPROVAL
PRD-00032,PRD-00032-V01,CAT-001,HOT DRINKS,S1 #32,Sheet1!R34,32,AFFOGATO COFFEE,أفوغاتو,AFFOGATO,,NR-20,2.50,2500,JOD,true,UNKNOWN,UNKNOWN,DESCRIPTION MISSING,MISSING — OWNER INPUT REQUIRED,MISSING,MISSING,DRAFT — PENDING OWNER APPROVAL
PRD-00033,PRD-00033-V01,CAT-001,HOT DRINKS,S1 #33,Sheet1!R35,33,IRISH COFFEE,آيريش كوفي,,,,2.75,2750,JOD,true,UNKNOWN,UNKNOWN,DESCRIPTION MISSING,MISSING — OWNER INPUT REQUIRED,MISSING,MISSING,DRAFT — PENDING OWNER APPROVAL
PRD-00034,PRD-00034-V01,CAT-001,HOT DRINKS,S1 #34,Sheet1!R36,34,NESCAFE,نسكافيه,,,,1.50,1500,JOD,true,UNKNOWN,UNKNOWN,DESCRIPTION MISSING,MISSING — OWNER INPUT REQUIRED,MISSING,MISSING,DRAFT — PENDING OWNER APPROVAL
PRD-00035,PRD-00035-V01,CAT-001,HOT DRINKS,S1 #35,Sheet1!R37,35,MESTEKH,مستكة,,,MQ-12,2.50,2500,JOD,true,UNKNOWN,UNKNOWN,DESCRIPTION MISSING,MISSING — OWNER INPUT REQUIRED,MISSING,MISSING,DRAFT — PENDING OWNER APPROVAL
PRD-00036,PRD-00036-V01,CAT-001,HOT DRINKS,S1 #36,Sheet1!R38,36,HOT CHOCOLATE,هوت شوكليت,,,,2.00,2000,JOD,true,UNKNOWN,UNKNOWN,DESCRIPTION MISSING,MISSING — OWNER INPUT REQUIRED,MISSING,MISSING,DRAFT — PENDING OWNER APPROVAL
PRD-00037,PRD-00037-V01,CAT-001,HOT DRINKS,S1 #37,Sheet1!R39,37,HOT LOTUS,هوت لوتس,,,,3.50,3500,JOD,true,UNKNOWN,UNKNOWN,DESCRIPTION MISSING,MISSING — OWNER INPUT REQUIRED,MISSING,MISSING,DRAFT — PENDING OWNER APPROVAL
PRD-00038,PRD-00038-V01,CAT-001,HOT DRINKS,S1 #38,Sheet1!R40,38,HOT PISTACHIO,هوت فستق,,,,3.50,3500,JOD,true,UNKNOWN,UNKNOWN,DESCRIPTION MISSING,MISSING — OWNER INPUT REQUIRED,MISSING,MISSING,DRAFT — PENDING OWNER APPROVAL
PRD-00039,PRD-00039-V01,CAT-001,HOT DRINKS,S1 #39,Sheet1!R41,39,HOT NUTELLA,هوت نوتيلا,,,,3.50,3500,JOD,true,UNKNOWN,UNKNOWN,DESCRIPTION MISSING,MISSING — OWNER INPUT REQUIRED,MISSING,MISSING,DRAFT — PENDING OWNER APPROVAL
PRD-00040,PRD-00040-V01,CAT-002,COLD DRINKS,S1 #40,Sheet1!R43,40,ICED AMERICAN,آيس أمريكان,,,DUP-02,2.75,2750,JOD,true,UNKNOWN,UNKNOWN,DESCRIPTION MISSING,MISSING — OWNER INPUT REQUIRED,MISSING,MISSING,DRAFT — PENDING OWNER APPROVAL
PRD-00041,PRD-00041-V01,CAT-002,COLD DRINKS,S1 #41,Sheet1!R44,41,ICED CAPPUCCINO,آيس كابتشينو,,,,3.50,3500,JOD,true,UNKNOWN,UNKNOWN,DESCRIPTION MISSING,MISSING — OWNER INPUT REQUIRED,MISSING,MISSING,DRAFT — PENDING OWNER APPROVAL
PRD-00042,PRD-00042-V01,CAT-002,COLD DRINKS,S1 #42,Sheet1!R45,42,ICED SHAKEN CARAMEL,آيس شيكن كراميل,,,DUP-04 AR-04,3.50,3500,JOD,true,UNKNOWN,UNKNOWN,DESCRIPTION MISSING,MISSING — OWNER INPUT REQUIRED,MISSING,MISSING,DRAFT — PENDING OWNER APPROVAL
PRD-00043,PRD-00043-V01,CAT-002,COLD DRINKS,S1 #43,Sheet1!R46,43,ICED CARAMEL LATTE,آيس كراميل لاتيه,,,,3.50,3500,JOD,true,UNKNOWN,UNKNOWN,DESCRIPTION MISSING,MISSING — OWNER INPUT REQUIRED,MISSING,MISSING,DRAFT — PENDING OWNER APPROVAL
PRD-00044,PRD-00044-V01,CAT-002,COLD DRINKS,S1 #44,Sheet1!R47,44,ICED CARAMEL FREE LATTE,آيس كراميل لاتيه بدون سكر,ICED CARAMEL LATTE (SUGAR-FREE),,NR-02 AR-05 MQ-08,3.50,3500,JOD,true,UNKNOWN,UNKNOWN,DESCRIPTION MISSING,MISSING — OWNER INPUT REQUIRED,MISSING,MISSING,DRAFT — PENDING OWNER APPROVAL
PRD-00045,PRD-00045-V01,CAT-002,COLD DRINKS,S1 #45,Sheet1!R48,45,ICED AMERICANO,آيس أمريكانو,,,DUP-02,2.75,2750,JOD,true,UNKNOWN,UNKNOWN,DESCRIPTION MISSING,MISSING — OWNER INPUT REQUIRED,MISSING,MISSING,DRAFT — PENDING OWNER APPROVAL
PRD-00046,PRD-00046-V01,CAT-002,COLD DRINKS,S1 #46,Sheet1!R49,46,ICED LATTE,آيس لاتيه,,,,3.00,3000,JOD,true,UNKNOWN,UNKNOWN,DESCRIPTION MISSING,MISSING — OWNER INPUT REQUIRED,MISSING,MISSING,DRAFT — PENDING OWNER APPROVAL
PRD-00047,PRD-00047-V01,CAT-002,COLD DRINKS,S1 #47,Sheet1!R50,47,ICED SHAKEN WHITE MOCHA,آيس شيكن وايت موكا,,,DUP-04 AR-04,3.50,3500,JOD,true,UNKNOWN,UNKNOWN,DESCRIPTION MISSING,MISSING — OWNER INPUT REQUIRED,MISSING,MISSING,DRAFT — PENDING OWNER APPROVAL
PRD-00048,PRD-00048-V01,CAT-002,COLD DRINKS,S1 #48,Sheet1!R51,48,ICED VANILLA LATTE,آيس فانيلا لاتيه,,,,3.50,3500,JOD,true,UNKNOWN,UNKNOWN,DESCRIPTION MISSING,MISSING — OWNER INPUT REQUIRED,MISSING,MISSING,DRAFT — PENDING OWNER APPROVAL
PRD-00049,PRD-00049-V01,CAT-002,COLD DRINKS,S1 #49,Sheet1!R52,49,ICED VANILLA FREE LATTE,آيس فانيلا لاتيه بدون سكر,ICED VANILLA LATTE (SUGAR-FREE),,NR-02 AR-05 MQ-08,3.50,3500,JOD,true,UNKNOWN,UNKNOWN,DESCRIPTION MISSING,MISSING — OWNER INPUT REQUIRED,MISSING,MISSING,DRAFT — PENDING OWNER APPROVAL
PRD-00050,PRD-00050-V01,CAT-002,COLD DRINKS,S1 #50,Sheet1!R53,50,ICED MATCHA,آيس ماتشا,,,,4.25,4250,JOD,true,UNKNOWN,UNKNOWN,DESCRIPTION MISSING,MISSING — OWNER INPUT REQUIRED,MISSING,MISSING,DRAFT — PENDING OWNER APPROVAL
PRD-00051,PRD-00051-V01,CAT-002,COLD DRINKS,S1 #51,Sheet1!R54,51,ICED NUTELLA,آيس نوتيلا,,,,3.75,3750,JOD,true,UNKNOWN,UNKNOWN,DESCRIPTION MISSING,MISSING — OWNER INPUT REQUIRED,MISSING,MISSING,DRAFT — PENDING OWNER APPROVAL
PRD-00052,PRD-00052-V01,CAT-002,COLD DRINKS,S1 #52,Sheet1!R55,52,ICED SHAKEN VANILLA,آيس شيكن فانيلا,,,DUP-04 AR-04,3.50,3500,JOD,true,UNKNOWN,UNKNOWN,DESCRIPTION MISSING,MISSING — OWNER INPUT REQUIRED,MISSING,MISSING,DRAFT — PENDING OWNER APPROVAL
PRD-00053,PRD-00053-V01,CAT-002,COLD DRINKS,S1 #53,Sheet1!R56,53,ICED HAZELNUT LATTE,آيس هازلنت لاتيه,,,,3.50,3500,JOD,true,UNKNOWN,UNKNOWN,DESCRIPTION MISSING,MISSING — OWNER INPUT REQUIRED,MISSING,MISSING,DRAFT — PENDING OWNER APPROVAL
PRD-00054,PRD-00054-V01,CAT-002,COLD DRINKS,S1 #54,Sheet1!R57,54,ICED HAZELNUT FREE LATTE,آيس هازلنت لاتيه بدون سكر,ICED HAZELNUT LATTE (SUGAR-FREE),,NR-02 AR-05 MQ-08,3.50,3500,JOD,true,UNKNOWN,UNKNOWN,DESCRIPTION MISSING,MISSING — OWNER INPUT REQUIRED,MISSING,MISSING,DRAFT — PENDING OWNER APPROVAL
PRD-00055,PRD-00055-V01,CAT-002,COLD DRINKS,S1 #55,Sheet1!R58,55,ICED PISTACHIO,آيس فستق,,,,3.75,3750,JOD,true,UNKNOWN,UNKNOWN,DESCRIPTION MISSING,MISSING — OWNER INPUT REQUIRED,MISSING,MISSING,DRAFT — PENDING OWNER APPROVAL
PRD-00056,PRD-00056-V01,CAT-002,COLD DRINKS,S1 #56,Sheet1!R59,56,ICED LOTUS,آيس لوتس,,,,3.75,3750,JOD,true,UNKNOWN,UNKNOWN,DESCRIPTION MISSING,MISSING — OWNER INPUT REQUIRED,MISSING,MISSING,DRAFT — PENDING OWNER APPROVAL
PRD-00057,PRD-00057-V01,CAT-002,COLD DRINKS,S1 #57,Sheet1!R60,57,ICED SHAKEN HAZELNUT,آيس شيكن هازلنت,,,DUP-04 AR-04,3.50,3500,JOD,true,UNKNOWN,UNKNOWN,DESCRIPTION MISSING,MISSING — OWNER INPUT REQUIRED,MISSING,MISSING,DRAFT — PENDING OWNER APPROVAL
PRD-00058,PRD-00058-V01,CAT-002,COLD DRINKS,S1 #58,Sheet1!R61,58,ICED SPANISH LATTE,آيس سبانيش لاتيه,,,,3.50,3500,JOD,true,UNKNOWN,UNKNOWN,DESCRIPTION MISSING,MISSING — OWNER INPUT REQUIRED,MISSING,MISSING,DRAFT — PENDING OWNER APPROVAL
PRD-00059,PRD-00059-V01,CAT-002,COLD DRINKS,S1 #59,Sheet1!R62,59,ICED CHOCOLATE,آيس شوكليت,,,,3.50,3500,JOD,true,UNKNOWN,UNKNOWN,DESCRIPTION MISSING,MISSING — OWNER INPUT REQUIRED,MISSING,MISSING,DRAFT — PENDING OWNER APPROVAL
PRD-00060,PRD-00060-V01,CAT-002,COLD DRINKS,S1 #60,Sheet1!R63,60,ICED CROCCONATE,آيس كروكونات,,,MQ-12 NR-17,3.75,3750,JOD,true,UNKNOWN,UNKNOWN,DESCRIPTION MISSING,MISSING — OWNER INPUT REQUIRED,MISSING,MISSING,DRAFT — PENDING OWNER APPROVAL
PRD-00061,PRD-00061-V01,CAT-002,COLD DRINKS,S1 #61,Sheet1!R64,61,ICED CARAMEL MACCHIATO,آيس كراميل ماكياتو,,,,3.50,3500,JOD,true,UNKNOWN,UNKNOWN,DESCRIPTION MISSING,MISSING — OWNER INPUT REQUIRED,MISSING,MISSING,DRAFT — PENDING OWNER APPROVAL
PRD-00062,PRD-00062-V01,CAT-002,COLD DRINKS,S1 #62,Sheet1!R65,62,ICED WHITE MOCHA,آيس وايت موكا,,,,3.50,3500,JOD,true,UNKNOWN,UNKNOWN,DESCRIPTION MISSING,MISSING — OWNER INPUT REQUIRED,MISSING,MISSING,DRAFT — PENDING OWNER APPROVAL
PRD-00063,PRD-00063-V01,CAT-002,COLD DRINKS,S1 #63,Sheet1!R66,63,ICED MOCHA,آيس موكا,,,,3.50,3500,JOD,true,UNKNOWN,UNKNOWN,DESCRIPTION MISSING,MISSING — OWNER INPUT REQUIRED,MISSING,MISSING,DRAFT — PENDING OWNER APPROVAL
PRD-00064,PRD-00064-V01,CAT-002,COLD DRINKS,S1 #64,Sheet1!R67,64,ICE IRSH LATTE,آيس آيريش لاتيه,ICED IRISH LATTE,,NR-05,3.50,3500,JOD,true,UNKNOWN,UNKNOWN,DESCRIPTION MISSING,MISSING — OWNER INPUT REQUIRED,MISSING,MISSING,DRAFT — PENDING OWNER APPROVAL
PRD-00065,PRD-00065-V01,CAT-002,COLD DRINKS,S1 #65,Sheet1!R68,65,ICED TOFFE NUT LATTE,آيس توفي نت لاتيه,ICED TOFFEE NUT LATTE,,NR-06,3.50,3500,JOD,true,UNKNOWN,UNKNOWN,DESCRIPTION MISSING,MISSING — OWNER INPUT REQUIRED,MISSING,MISSING,DRAFT — PENDING OWNER APPROVAL
PRD-00066,PRD-00066-V01,CAT-002,COLD DRINKS,S1 #66,Sheet1!R69,66,ICED SALTED CARAMEL LATTE,آيس سولتد كراميل لاتيه,,,,3.50,3500,JOD,true,UNKNOWN,UNKNOWN,DESCRIPTION MISSING,MISSING — OWNER INPUT REQUIRED,MISSING,MISSING,DRAFT — PENDING OWNER APPROVAL
PRD-00067,PRD-00067-V01,CAT-002,COLD DRINKS,S1 #67,Sheet1!R70,67,ICED SHAKEN SALTED,آيس شيكن سولتد,,,DUP-04 AR-04 MQ-12,3.50,3500,JOD,true,UNKNOWN,UNKNOWN,DESCRIPTION MISSING,MISSING — OWNER INPUT REQUIRED,MISSING,MISSING,DRAFT — PENDING OWNER APPROVAL
PRD-00068,PRD-00068-V01,CAT-002,COLD DRINKS,S1 #68,Sheet1!R71,68,ICED CINAMON NUT LATTE,آيس سينامون نت لاتيه,ICED CINNAMON NUT LATTE,,NR-04,3.50,3500,JOD,true,UNKNOWN,UNKNOWN,DESCRIPTION MISSING,MISSING — OWNER INPUT REQUIRED,MISSING,MISSING,DRAFT — PENDING OWNER APPROVAL
PRD-00069,PRD-00069-V01,CAT-002,COLD DRINKS,S1 #69,Sheet1!R72,69,ICE TEA BERRY,آيس تي بيري,ICED TEA BERRY,,NR-07,3.00,3000,JOD,true,UNKNOWN,UNKNOWN,DESCRIPTION MISSING,MISSING — OWNER INPUT REQUIRED,MISSING,MISSING,DRAFT — PENDING OWNER APPROVAL
PRD-00070,PRD-00070-V01,CAT-002,COLD DRINKS,S1 #70,Sheet1!R73,70,ICE TEA POMGRANATE,آيس تي رمان,ICED TEA POMEGRANATE,,NR-07,3.00,3000,JOD,true,UNKNOWN,UNKNOWN,DESCRIPTION MISSING,MISSING — OWNER INPUT REQUIRED,MISSING,MISSING,DRAFT — PENDING OWNER APPROVAL
PRD-00071,PRD-00071-V01,CAT-002,COLD DRINKS,S1 #71,Sheet1!R74,71,ICE TEA PASSION + PEACH,آيس تي باشن + بيتش,ICED TEA PASSION + PEACH,,NR-07,3.25,3250,JOD,true,UNKNOWN,UNKNOWN,DESCRIPTION MISSING,MISSING — OWNER INPUT REQUIRED,MISSING,MISSING,DRAFT — PENDING OWNER APPROVAL
PRD-00072,PRD-00072-V01,CAT-002,COLD DRINKS,S1 #72,Sheet1!R75,72,ICED TEA PEACH,آيس تي بيتش,,,,3.00,3000,JOD,true,UNKNOWN,UNKNOWN,DESCRIPTION MISSING,MISSING — OWNER INPUT REQUIRED,MISSING,MISSING,DRAFT — PENDING OWNER APPROVAL
PRD-00073,PRD-00073-V01,CAT-002,COLD DRINKS,S1 #73,Sheet1!R76,73,ICED TEA LEMON,آيس تي ليمون,,,,3.00,3000,JOD,true,UNKNOWN,UNKNOWN,DESCRIPTION MISSING,MISSING — OWNER INPUT REQUIRED,MISSING,MISSING,DRAFT — PENDING OWNER APPROVAL
PRD-00074,PRD-00074-V01,CAT-002,COLD DRINKS,S1 #74,Sheet1!R77,74,ICED TEA MIX,آيس تي مكس,,,,3.25,3250,JOD,true,UNKNOWN,UNKNOWN,DESCRIPTION MISSING,MISSING — OWNER INPUT REQUIRED,MISSING,MISSING,DRAFT — PENDING OWNER APPROVAL
PRD-00075,PRD-00075-V01,CAT-002,COLD DRINKS,S1 #75,Sheet1!R78,75,KIDS STRAWBERRY,كيدز فراولة,,,,3.50,3500,JOD,true,UNKNOWN,UNKNOWN,DESCRIPTION MISSING,MISSING — OWNER INPUT REQUIRED,MISSING,MISSING,DRAFT — PENDING OWNER APPROVAL
PRD-00076,PRD-00076-V01,CAT-003,FIZZY DRINKS,S1 #76,Sheet1!R80,76,MOJITO 7 UP,موهيتو سفن أب,MOJITO 7UP,,NR-08,3.25,3250,JOD,true,UNKNOWN,UNKNOWN,DESCRIPTION MISSING,MISSING — OWNER INPUT REQUIRED,MISSING,MISSING,DRAFT — PENDING OWNER APPROVAL
PRD-00077,PRD-00077-V01,CAT-003,FIZZY DRINKS,S1 #77,Sheet1!R81,77,CODE RED,كود رد,,,,2.00,2000,JOD,true,UNKNOWN,UNKNOWN,DESCRIPTION MISSING,MISSING — OWNER INPUT REQUIRED,MISSING,MISSING,DRAFT — PENDING OWNER APPROVAL
PRD-00078,PRD-00078-V01,CAT-003,FIZZY DRINKS,S1 #78,Sheet1!R82,78,RED BULL,ريد بُل,,,MQ-08,3.00,3000,JOD,true,UNKNOWN,UNKNOWN,DESCRIPTION MISSING,MISSING — OWNER INPUT REQUIRED,MISSING,MISSING,DRAFT — PENDING OWNER APPROVAL
PRD-00079,PRD-00079-V01,CAT-003,FIZZY DRINKS,S1 #79,Sheet1!R83,79,7UP,سفن أب,,,,1.50,1500,JOD,true,UNKNOWN,UNKNOWN,DESCRIPTION MISSING,MISSING — OWNER INPUT REQUIRED,MISSING,MISSING,DRAFT — PENDING OWNER APPROVAL
PRD-00080,PRD-00080-V01,CAT-003,FIZZY DRINKS,S1 #80,Sheet1!R84,80,MINERAL WATER,ماء معدنية,,,AR-06 MQ-15,0.50,500,JOD,true,UNKNOWN,UNKNOWN,DESCRIPTION MISSING,MISSING — OWNER INPUT REQUIRED,MISSING,MISSING,DRAFT — PENDING OWNER APPROVAL
PRD-00081,PRD-00081-V01,CAT-003,FIZZY DRINKS,S1 #81,Sheet1!R85,81,MOJITO SODA,موهيتو صودا,,,,3.25,3250,JOD,true,UNKNOWN,UNKNOWN,DESCRIPTION MISSING,MISSING — OWNER INPUT REQUIRED,MISSING,MISSING,DRAFT — PENDING OWNER APPROVAL
PRD-00082,PRD-00082-V01,CAT-003,FIZZY DRINKS,S1 #82,Sheet1!R86,82,SHELTER ENERGY CODE RED,شيلتر إنرجي كود رد,,,AR-03,2.50,2500,JOD,true,UNKNOWN,UNKNOWN,DESCRIPTION MISSING,MISSING — OWNER INPUT REQUIRED,MISSING,MISSING,DRAFT — PENDING OWNER APPROVAL
PRD-00083,PRD-00083-V01,CAT-003,FIZZY DRINKS,S1 #83,Sheet1!R87,83,REDBULL FREE SUGAR,ريد بُل بدون سكر,RED BULL (SUGAR-FREE),,NR-02 NR-03 MQ-08,3.00,3000,JOD,true,UNKNOWN,UNKNOWN,DESCRIPTION MISSING,MISSING — OWNER INPUT REQUIRED,MISSING,MISSING,DRAFT — PENDING OWNER APPROVAL
PRD-00084,PRD-00084-V01,CAT-003,FIZZY DRINKS,S1 #84,Sheet1!R88,84,7UP SHELTER,سفن أب شيلتر,,,AR-03,2.00,2000,JOD,true,UNKNOWN,UNKNOWN,DESCRIPTION MISSING,MISSING — OWNER INPUT REQUIRED,MISSING,MISSING,DRAFT — PENDING OWNER APPROVAL
PRD-00085,PRD-00085-V01,CAT-003,FIZZY DRINKS,S1 #85,Sheet1!R89,85,MOJITO CODE RED,موهيتو كود رد,,,,3.50,3500,JOD,true,UNKNOWN,UNKNOWN,DESCRIPTION MISSING,MISSING — OWNER INPUT REQUIRED,MISSING,MISSING,DRAFT — PENDING OWNER APPROVAL
PRD-00086,PRD-00086-V01,CAT-003,FIZZY DRINKS,S1 #86,Sheet1!R90,86,SHELTER ENERGY RED BULL,شيلتر إنرجي ريد بُل,,,AR-03,3.25,3250,JOD,true,UNKNOWN,UNKNOWN,DESCRIPTION MISSING,MISSING — OWNER INPUT REQUIRED,MISSING,MISSING,DRAFT — PENDING OWNER APPROVAL
PRD-00087,PRD-00087-V01,CAT-003,FIZZY DRINKS,S1 #87,Sheet1!R91,87,MOJITO RED BULL,موهيتو ريد بُل,,,,4.00,4000,JOD,true,UNKNOWN,UNKNOWN,DESCRIPTION MISSING,MISSING — OWNER INPUT REQUIRED,MISSING,MISSING,DRAFT — PENDING OWNER APPROVAL
PRD-00088,PRD-00088-V01,CAT-003,FIZZY DRINKS,S1 #88,Sheet1!R92,88,REDBULL WATERMELON,ريد بُل بطيخ,RED BULL WATERMELON,,NR-03 MQ-08,3.00,3000,JOD,true,UNKNOWN,UNKNOWN,DESCRIPTION MISSING,MISSING — OWNER INPUT REQUIRED,MISSING,MISSING,DRAFT — PENDING OWNER APPROVAL
PRD-00089,PRD-00089-V01,CAT-003,FIZZY DRINKS,S1 #89,Sheet1!R93,89,REDBULL COCONUT,ريد بُل جوز هند,RED BULL COCONUT,,NR-03 MQ-08,3.00,3000,JOD,true,UNKNOWN,UNKNOWN,DESCRIPTION MISSING,MISSING — OWNER INPUT REQUIRED,MISSING,MISSING,DRAFT — PENDING OWNER APPROVAL
PRD-00090,PRD-00090-V01,CAT-003,FIZZY DRINKS,S1 #90,Sheet1!R94,90,SODA SUMMER CRUSH,صودا سامر كراش,,,,2.00,2000,JOD,true,UNKNOWN,UNKNOWN,DESCRIPTION MISSING,MISSING — OWNER INPUT REQUIRED,MISSING,MISSING,DRAFT — PENDING OWNER APPROVAL
PRD-00091,PRD-00091-V01,CAT-004,MILKSHAKE,S1 #91,Sheet1!R96,91,MILKSHAKE VANILIA,ميلك شيك فانيلا,MILKSHAKE VANILLA,,NR-01,3.50,3500,JOD,true,UNKNOWN,UNKNOWN,DESCRIPTION MISSING,MISSING — OWNER INPUT REQUIRED,MISSING,MISSING,DRAFT — PENDING OWNER APPROVAL
PRD-00092,PRD-00092-V01,CAT-004,MILKSHAKE,S1 #92,Sheet1!R97,92,MILKSHAKE OREO,ميلك شيك أوريو,,,,3.50,3500,JOD,true,UNKNOWN,UNKNOWN,DESCRIPTION MISSING,MISSING — OWNER INPUT REQUIRED,MISSING,MISSING,DRAFT — PENDING OWNER APPROVAL
PRD-00093,PRD-00093-V01,CAT-004,MILKSHAKE,S1 #93,Sheet1!R98,93,MILKSHAKE SHELTER,ميلك شيك شيلتر,,,AR-03,3.50,3500,JOD,true,UNKNOWN,UNKNOWN,DESCRIPTION MISSING,MISSING — OWNER INPUT REQUIRED,MISSING,MISSING,DRAFT — PENDING OWNER APPROVAL
PRD-00094,PRD-00094-V01,CAT-004,MILKSHAKE,S1 #94,Sheet1!R99,94,MILKSHAKE CARAMEL,ميلك شيك كراميل,,,,3.50,3500,JOD,true,UNKNOWN,UNKNOWN,DESCRIPTION MISSING,MISSING — OWNER INPUT REQUIRED,MISSING,MISSING,DRAFT — PENDING OWNER APPROVAL
PRD-00095,PRD-00095-V01,CAT-004,MILKSHAKE,S1 #95,Sheet1!R100,95,MILKSHAKE PISTACHIO,ميلك شيك فستق,,,,4.00,4000,JOD,true,UNKNOWN,UNKNOWN,DESCRIPTION MISSING,MISSING — OWNER INPUT REQUIRED,MISSING,MISSING,DRAFT — PENDING OWNER APPROVAL
PRD-00096,PRD-00096-V01,CAT-004,MILKSHAKE,S1 #96,Sheet1!R101,96,MILKSHAKE CHOCOLATE,ميلك شيك شوكليت,,,,3.50,3500,JOD,true,UNKNOWN,UNKNOWN,DESCRIPTION MISSING,MISSING — OWNER INPUT REQUIRED,MISSING,MISSING,DRAFT — PENDING OWNER APPROVAL
PRD-00097,PRD-00097-V01,CAT-004,MILKSHAKE,S1 #97,Sheet1!R102,97,MILKSHAKE NUTELLA,ميلك شيك نوتيلا,,,,3.50,3500,JOD,true,UNKNOWN,UNKNOWN,DESCRIPTION MISSING,MISSING — OWNER INPUT REQUIRED,MISSING,MISSING,DRAFT — PENDING OWNER APPROVAL
PRD-00098,PRD-00098-V01,CAT-004,MILKSHAKE,S1 #98,Sheet1!R103,98,MILKSHAKE LOTUS,ميلك شيك لوتس,,,,3.50,3500,JOD,true,UNKNOWN,UNKNOWN,DESCRIPTION MISSING,MISSING — OWNER INPUT REQUIRED,MISSING,MISSING,DRAFT — PENDING OWNER APPROVAL
PRD-00099,PRD-00099-V01,CAT-004,MILKSHAKE,S1 #99,Sheet1!R104,99,MILKSHAKE TWIX,ميلك شيك تويكس,,,,3.50,3500,JOD,true,UNKNOWN,UNKNOWN,DESCRIPTION MISSING,MISSING — OWNER INPUT REQUIRED,MISSING,MISSING,DRAFT — PENDING OWNER APPROVAL
PRD-00100,PRD-00100-V01,CAT-004,MILKSHAKE,S1 #100,Sheet1!R105,100,MILKSHAKE SNICKERS,ميلك شيك سنيكرز,,,,3.50,3500,JOD,true,UNKNOWN,UNKNOWN,DESCRIPTION MISSING,MISSING — OWNER INPUT REQUIRED,MISSING,MISSING,DRAFT — PENDING OWNER APPROVAL
PRD-00101,PRD-00101-V01,CAT-004,MILKSHAKE,S1 #101,Sheet1!R106,101,MILKSHAKE CHEESE CAKE,ميلك شيك تشيز كيك,MILKSHAKE CHEESECAKE,,NR-18,3.50,3500,JOD,true,UNKNOWN,UNKNOWN,DESCRIPTION MISSING,MISSING — OWNER INPUT REQUIRED,MISSING,MISSING,DRAFT — PENDING OWNER APPROVAL
PRD-00102,PRD-00102-V01,CAT-004,MILKSHAKE,S1 #102,Sheet1!R107,102,MILKSHAKE CROCCANTE,ميلك شيك كروكانتي,,,,3.50,3500,JOD,true,UNKNOWN,UNKNOWN,DESCRIPTION MISSING,MISSING — OWNER INPUT REQUIRED,MISSING,MISSING,DRAFT — PENDING OWNER APPROVAL
PRD-00103,PRD-00103-V01,CAT-004,MILKSHAKE,S1 #103,Sheet1!R108,103,MILKSHAKE SALTED CARAMEL,ميلك شيك سولتد كراميل,,,,3.50,3500,JOD,true,UNKNOWN,UNKNOWN,DESCRIPTION MISSING,MISSING — OWNER INPUT REQUIRED,MISSING,MISSING,DRAFT — PENDING OWNER APPROVAL
PRD-00104,PRD-00104-V01,CAT-004,MILKSHAKE,S1 #104,Sheet1!R109,104,MILKSHAKE FERRERO,ميلك شيك فيريرو,,,,3.50,3500,JOD,true,UNKNOWN,UNKNOWN,DESCRIPTION MISSING,MISSING — OWNER INPUT REQUIRED,MISSING,MISSING,DRAFT — PENDING OWNER APPROVAL
PRD-00105,PRD-00105-V01,CAT-004,MILKSHAKE,S1 #105,Sheet1!R110,105,MILKSHAKE BAJ,ميلك شيك بَج,,,MQ-12,3.75,3750,JOD,true,UNKNOWN,UNKNOWN,DESCRIPTION MISSING,MISSING — OWNER INPUT REQUIRED,MISSING,MISSING,DRAFT — PENDING OWNER APPROVAL
PRD-00106,PRD-00106-V01,CAT-004,MILKSHAKE,S1 #106,Sheet1!R111,106,MILKSHAKE FERRERO NUTELLA,ميلك شيك فيريرو نوتيلا,,,,4.00,4000,JOD,true,UNKNOWN,UNKNOWN,DESCRIPTION MISSING,MISSING — OWNER INPUT REQUIRED,MISSING,MISSING,DRAFT — PENDING OWNER APPROVAL
PRD-00107,PRD-00107-V01,CAT-004,MILKSHAKE,S1 #107,Sheet1!R112,107,MILKSHAKE ASH BERRY,ميلك شيك آش بيري,,,MQ-12,3.75,3750,JOD,true,UNKNOWN,UNKNOWN,DESCRIPTION MISSING,MISSING — OWNER INPUT REQUIRED,MISSING,MISSING,DRAFT — PENDING OWNER APPROVAL
PRD-00108,PRD-00108-V01,CAT-004,MILKSHAKE,S1 #108,Sheet1!R113,108,MILKSHAKE STRAWBERRY,ميلك شيك فراولة,,,,3.75,3750,JOD,true,UNKNOWN,UNKNOWN,DESCRIPTION MISSING,MISSING — OWNER INPUT REQUIRED,MISSING,MISSING,DRAFT — PENDING OWNER APPROVAL
PRD-00109,PRD-00109-V01,CAT-004,MILKSHAKE,S1 #109,Sheet1!R114,109,MILKSHAKE BLUEBERRY,ميلك شيك بلوبيري,,,,3.75,3750,JOD,true,UNKNOWN,UNKNOWN,DESCRIPTION MISSING,MISSING — OWNER INPUT REQUIRED,MISSING,MISSING,DRAFT — PENDING OWNER APPROVAL
PRD-00110,PRD-00110-V01,CAT-004,MILKSHAKE,S1 #110,Sheet1!R115,110,MILKSHAKE OWAR QALB,ميلك شيك عَوَر قلب,,,,3.75,3750,JOD,true,UNKNOWN,UNKNOWN,DESCRIPTION MISSING,MISSING — OWNER INPUT REQUIRED,MISSING,MISSING,DRAFT — PENDING OWNER APPROVAL
PRD-00111,PRD-00111-V01,CAT-004,MILKSHAKE,S1 #111,Sheet1!R116,111,MILKSHAKE MIXBERRY,ميلك شيك مكس بيري,,,,3.75,3750,JOD,true,UNKNOWN,UNKNOWN,DESCRIPTION MISSING,MISSING — OWNER INPUT REQUIRED,MISSING,MISSING,DRAFT — PENDING OWNER APPROVAL
PRD-00112,PRD-00112-V01,CAT-005,SMOOTHIES,S1 #112,Sheet1!R118,112,SMOOTHIES ORANGE,سموذي برتقال,SMOOTHIE ORANGE,,NR-09,3.50,3500,JOD,true,UNKNOWN,UNKNOWN,DESCRIPTION MISSING,MISSING — OWNER INPUT REQUIRED,MISSING,MISSING,DRAFT — PENDING OWNER APPROVAL
PRD-00113,PRD-00113-V01,CAT-005,SMOOTHIES,S1 #113,Sheet1!R119,113,SMOOTHIE MANGO,سموذي مانجو,,,,3.50,3500,JOD,true,UNKNOWN,UNKNOWN,DESCRIPTION MISSING,MISSING — OWNER INPUT REQUIRED,MISSING,MISSING,DRAFT — PENDING OWNER APPROVAL
PRD-00114,PRD-00114-V01,CAT-005,SMOOTHIES,S1 #114,Sheet1!R120,114,SMOOTHIES LEMON,سموذي ليمون,SMOOTHIE LEMON,,NR-09,3.50,3500,JOD,true,UNKNOWN,UNKNOWN,DESCRIPTION MISSING,MISSING — OWNER INPUT REQUIRED,MISSING,MISSING,DRAFT — PENDING OWNER APPROVAL
PRD-00115,PRD-00115-V01,CAT-005,SMOOTHIES,S1 #115,Sheet1!R121,115,SMOOTHIE PINAPPLE LMN STRWBERY,سموذي أناناس + ليمون + فراولة,SMOOTHIE PINEAPPLE + LEMON + STRAWBERRY,,NR-10 DUP-01,3.50,3500,JOD,true,UNKNOWN,UNKNOWN,DESCRIPTION MISSING,MISSING — OWNER INPUT REQUIRED,MISSING,MISSING,DRAFT — PENDING OWNER APPROVAL
PRD-00116,PRD-00116-V01,CAT-005,SMOOTHIES,S1 #116,Sheet1!R122,116,SMOOTHIE STRAWBERRY,سموذي فراولة,,,,3.50,3500,JOD,true,UNKNOWN,UNKNOWN,DESCRIPTION MISSING,MISSING — OWNER INPUT REQUIRED,MISSING,MISSING,DRAFT — PENDING OWNER APPROVAL
PRD-00117,PRD-00117-V01,CAT-005,SMOOTHIES,S1 #117,Sheet1!R123,117,SMOOTHIE ORANGE_PASSION,سموذي برتقال + باشن,SMOOTHIE ORANGE + PASSION,,NR-10,3.50,3500,JOD,true,UNKNOWN,UNKNOWN,DESCRIPTION MISSING,MISSING — OWNER INPUT REQUIRED,MISSING,MISSING,DRAFT — PENDING OWNER APPROVAL
PRD-00118,PRD-00118-V01,CAT-005,SMOOTHIES,S1 #118,Sheet1!R124,118,SMOOTHIE MANGO STRWBERRY,سموذي مانجو + فراولة,SMOOTHIE MANGO + STRAWBERRY,,NR-10,3.50,3500,JOD,true,UNKNOWN,UNKNOWN,DESCRIPTION MISSING,MISSING — OWNER INPUT REQUIRED,MISSING,MISSING,DRAFT — PENDING OWNER APPROVAL
PRD-00119,PRD-00119-V01,CAT-005,SMOOTHIES,S1 #119,Sheet1!R125,119,SMOOTHIE LEMON MINT,سموذي ليمون نعناع,,,,3.50,3500,JOD,true,UNKNOWN,UNKNOWN,DESCRIPTION MISSING,MISSING — OWNER INPUT REQUIRED,MISSING,MISSING,DRAFT — PENDING OWNER APPROVAL
PRD-00120,PRD-00120-V01,CAT-005,SMOOTHIES,S1 #120,Sheet1!R126,120,SMOOTHIES PINA-STRAW-LEMON,سموذي أناناس + فراولة + ليمون,SMOOTHIE PINEAPPLE + STRAWBERRY + LEMON,,NR-09 NR-10 DUP-01,3.50,3500,JOD,true,UNKNOWN,UNKNOWN,DESCRIPTION MISSING,MISSING — OWNER INPUT REQUIRED,MISSING,MISSING,DRAFT — PENDING OWNER APPROVAL
PRD-00121,PRD-00121-V01,CAT-005,SMOOTHIES,S1 #121,Sheet1!R127,121,SMOOTHIES BLUEBERRY,سموذي بلوبيري,SMOOTHIE BLUEBERRY,,NR-09,3.50,3500,JOD,true,UNKNOWN,UNKNOWN,DESCRIPTION MISSING,MISSING — OWNER INPUT REQUIRED,MISSING,MISSING,DRAFT — PENDING OWNER APPROVAL
PRD-00122,PRD-00122-V01,CAT-005,SMOOTHIES,S1 #122,Sheet1!R128,122,SMOOTHIES KIWI,سموذي كيوي,SMOOTHIE KIWI,,NR-09,3.50,3500,JOD,true,UNKNOWN,UNKNOWN,DESCRIPTION MISSING,MISSING — OWNER INPUT REQUIRED,MISSING,MISSING,DRAFT — PENDING OWNER APPROVAL
PRD-00123,PRD-00123-V01,CAT-005,SMOOTHIES,S1 #123,Sheet1!R129,123,SMOOTHIES PINAPPLE,سموذي أناناس,SMOOTHIE PINEAPPLE,,NR-09 NR-10,3.50,3500,JOD,true,UNKNOWN,UNKNOWN,DESCRIPTION MISSING,MISSING — OWNER INPUT REQUIRED,MISSING,MISSING,DRAFT — PENDING OWNER APPROVAL
PRD-00124,PRD-00124-V01,CAT-005,SMOOTHIES,S1 #124,Sheet1!R130,124,SMOOTHIES MIXBERRY,سموذي مكس بيري,SMOOTHIE MIXBERRY,,NR-09,3.50,3500,JOD,true,UNKNOWN,UNKNOWN,DESCRIPTION MISSING,MISSING — OWNER INPUT REQUIRED,MISSING,MISSING,DRAFT — PENDING OWNER APPROVAL
PRD-00125,PRD-00125-V01,CAT-005,SMOOTHIES,S1 #125,Sheet1!R131,125,SMOOTHIES PEACH,سموذي خوخ,SMOOTHIE PEACH,,NR-09,3.50,3500,JOD,true,UNKNOWN,UNKNOWN,DESCRIPTION MISSING,MISSING — OWNER INPUT REQUIRED,MISSING,MISSING,DRAFT — PENDING OWNER APPROVAL
PRD-00126,PRD-00126-V01,CAT-005,SMOOTHIES,S1 #126,Sheet1!R132,126,STRW_MANGO PASSION,فراولة + مانجو + باشن,SMOOTHIE STRAWBERRY + MANGO + PASSION,,NR-09 NR-10 AR-07,3.50,3500,JOD,true,UNKNOWN,UNKNOWN,DESCRIPTION MISSING,MISSING — OWNER INPUT REQUIRED,MISSING,MISSING,DRAFT — PENDING OWNER APPROVAL
PRD-00127,PRD-00127-V01,CAT-005,SMOOTHIES,S1 #127,Sheet1!R133,127,LEMON_KIWI,ليمون + كيوي,SMOOTHIE LEMON + KIWI,,NR-09 NR-10 AR-07,3.50,3500,JOD,true,UNKNOWN,UNKNOWN,DESCRIPTION MISSING,MISSING — OWNER INPUT REQUIRED,MISSING,MISSING,DRAFT — PENDING OWNER APPROVAL
PRD-00128,PRD-00128-V01,CAT-005,SMOOTHIES,S1 #128,Sheet1!R134,128,SMOOTHIE PASSION,سموذي باشن,,,,3.50,3500,JOD,true,UNKNOWN,UNKNOWN,DESCRIPTION MISSING,MISSING — OWNER INPUT REQUIRED,MISSING,MISSING,DRAFT — PENDING OWNER APPROVAL
PRD-00129,PRD-00129-V01,CAT-005,SMOOTHIES,S1 #129,Sheet1!R135,129,SMOOTHES PASSION+PINAPPLE+BA,سموذي باشن + أناناس + مانجو,,,NR-09 NR-10 MQ-04 AR-02,3.50,3500,JOD,true,UNKNOWN,UNKNOWN,DESCRIPTION MISSING,MISSING — OWNER INPUT REQUIRED,MISSING,MISSING,DRAFT — PENDING OWNER APPROVAL
PRD-00130,PRD-00130-V01,CAT-005,SMOOTHIES,S1 #130,Sheet1!R136,130,SMOOTHES MANGO+PINAPPLE+ORANGE,سموذي مانجو + أناناس + برتقال,SMOOTHIE MANGO + PINEAPPLE + ORANGE,,NR-09 NR-10,3.50,3500,JOD,true,UNKNOWN,UNKNOWN,DESCRIPTION MISSING,MISSING — OWNER INPUT REQUIRED,MISSING,MISSING,DRAFT — PENDING OWNER APPROVAL
PRD-00131,PRD-00131-V01,CAT-005,SMOOTHIES,S1 #131,Sheet1!R137,131,SMOOTHES BERRY MINT,سموذي بيري نعناع,SMOOTHIE BERRY MINT,,NR-09,3.50,3500,JOD,true,UNKNOWN,UNKNOWN,DESCRIPTION MISSING,MISSING — OWNER INPUT REQUIRED,MISSING,MISSING,DRAFT — PENDING OWNER APPROVAL
PRD-00132,PRD-00132-V01,CAT-005,SMOOTHIES,S1 #132,Sheet1!R138,132,SMOOTHES MANGO + PINAPPLE,سموذي مانجو + أناناس,SMOOTHIE MANGO + PINEAPPLE,,NR-09 NR-10,3.50,3500,JOD,true,UNKNOWN,UNKNOWN,DESCRIPTION MISSING,MISSING — OWNER INPUT REQUIRED,MISSING,MISSING,DRAFT — PENDING OWNER APPROVAL
PRD-00133,PRD-00133-V01,CAT-005,SMOOTHIES,S1 #133,Sheet1!R139,133,SMOOTHES STRAWBERRY+PASSION,سموذي فراولة + باشن,SMOOTHIE STRAWBERRY + PASSION,,NR-09,3.50,3500,JOD,true,UNKNOWN,UNKNOWN,DESCRIPTION MISSING,MISSING — OWNER INPUT REQUIRED,MISSING,MISSING,DRAFT — PENDING OWNER APPROVAL
PRD-00134,PRD-00134-V01,CAT-005,SMOOTHIES,S1 #134,Sheet1!R140,134,SMOOTHES MANGO+PASSION,سموذي مانجو + باشن,SMOOTHIE MANGO + PASSION,,NR-09,3.50,3500,JOD,true,UNKNOWN,UNKNOWN,DESCRIPTION MISSING,MISSING — OWNER INPUT REQUIRED,MISSING,MISSING,DRAFT — PENDING OWNER APPROVAL
PRD-00135,PRD-00135-V01,CAT-005,SMOOTHIES,S1 #135,Sheet1!R141,135,ORANGE JUICE,عصير برتقال,,,MQ-15,3.50,3500,JOD,true,UNKNOWN,UNKNOWN,DESCRIPTION MISSING,MISSING — OWNER INPUT REQUIRED,MISSING,MISSING,DRAFT — PENDING OWNER APPROVAL
PRD-00136,PRD-00136-V01,CAT-006,FRAPPE,S1 #136,Sheet1!R143,136,FRAPE VANILIA,فرابيه فانيلا,FRAPPE VANILLA,,NR-11 NR-01,3.50,3500,JOD,true,UNKNOWN,UNKNOWN,DESCRIPTION MISSING,MISSING — OWNER INPUT REQUIRED,MISSING,MISSING,DRAFT — PENDING OWNER APPROVAL
PRD-00137,PRD-00137-V01,CAT-006,FRAPPE,S1 #137,Sheet1!R144,137,FRAPE CHOCOLATE,فرابيه شوكليت,FRAPPE CHOCOLATE,,NR-11,3.50,3500,JOD,true,UNKNOWN,UNKNOWN,DESCRIPTION MISSING,MISSING — OWNER INPUT REQUIRED,MISSING,MISSING,DRAFT — PENDING OWNER APPROVAL
PRD-00138,PRD-00138-V01,CAT-006,FRAPPE,S1 #138,Sheet1!R145,138,FRAPE CARAMEL,فرابيه كراميل,FRAPPE CARAMEL,,NR-11,3.50,3500,JOD,true,UNKNOWN,UNKNOWN,DESCRIPTION MISSING,MISSING — OWNER INPUT REQUIRED,MISSING,MISSING,DRAFT — PENDING OWNER APPROVAL
PRD-00139,PRD-00139-V01,CAT-006,FRAPPE,S1 #139,Sheet1!R146,139,FRAPE SHELTER,فرابيه شيلتر,FRAPPE SHELTER,,AR-03 NR-11,3.50,3500,JOD,true,UNKNOWN,UNKNOWN,DESCRIPTION MISSING,MISSING — OWNER INPUT REQUIRED,MISSING,MISSING,DRAFT — PENDING OWNER APPROVAL
PRD-00140,PRD-00140-V01,CAT-006,FRAPPE,S1 #140,Sheet1!R147,140,FRAPE PISTACHIO,فرابيه فستق,FRAPPE PISTACHIO,,NR-11,3.50,3500,JOD,true,UNKNOWN,UNKNOWN,DESCRIPTION MISSING,MISSING — OWNER INPUT REQUIRED,MISSING,MISSING,DRAFT — PENDING OWNER APPROVAL
PRD-00141,PRD-00141-V01,CAT-006,FRAPPE,S1 #141,Sheet1!R148,141,FRAPE ESPRESSO,فرابيه إسبريسو,FRAPPE ESPRESSO,,NR-11,3.50,3500,JOD,true,UNKNOWN,UNKNOWN,DESCRIPTION MISSING,MISSING — OWNER INPUT REQUIRED,MISSING,MISSING,DRAFT — PENDING OWNER APPROVAL
PRD-00142,PRD-00142-V01,CAT-006,FRAPPE,S1 #142,Sheet1!R149,142,FRAPE TWIX,فرابيه تويكس,FRAPPE TWIX,,NR-11,3.50,3500,JOD,true,UNKNOWN,UNKNOWN,DESCRIPTION MISSING,MISSING — OWNER INPUT REQUIRED,MISSING,MISSING,DRAFT — PENDING OWNER APPROVAL
PRD-00143,PRD-00143-V01,CAT-006,FRAPPE,S1 #143,Sheet1!R150,143,FRAPE CROCCANTE,فرابيه كروكانتي,FRAPPE CROCCANTE,,NR-11,3.50,3500,JOD,true,UNKNOWN,UNKNOWN,DESCRIPTION MISSING,MISSING — OWNER INPUT REQUIRED,MISSING,MISSING,DRAFT — PENDING OWNER APPROVAL
PRD-00144,PRD-00144-V01,CAT-006,FRAPPE,S1 #144,Sheet1!R151,144,FRAPE MATCHA,فرابيه ماتشا,FRAPPE MATCHA,,NR-11,4.00,4000,JOD,true,UNKNOWN,UNKNOWN,DESCRIPTION MISSING,MISSING — OWNER INPUT REQUIRED,MISSING,MISSING,DRAFT — PENDING OWNER APPROVAL
PRD-00145,PRD-00145-V01,CAT-006,FRAPPE,S1 #145,Sheet1!R152,145,FRAPE WHITE MOCHA,فرابيه وايت موكا,FRAPPE WHITE MOCHA,,NR-11,3.50,3500,JOD,true,UNKNOWN,UNKNOWN,DESCRIPTION MISSING,MISSING — OWNER INPUT REQUIRED,MISSING,MISSING,DRAFT — PENDING OWNER APPROVAL
PRD-00146,PRD-00146-V01,CAT-006,FRAPPE,S1 #146,Sheet1!R153,146,FRAPE MOCHA,فرابيه موكا,FRAPPE MOCHA,,NR-11,3.50,3500,JOD,true,UNKNOWN,UNKNOWN,DESCRIPTION MISSING,MISSING — OWNER INPUT REQUIRED,MISSING,MISSING,DRAFT — PENDING OWNER APPROVAL
PRD-00147,PRD-00147-V01,CAT-006,FRAPPE,S1 #147,Sheet1!R154,147,FRAPE SNICKERS,فرابيه سنيكرز,FRAPPE SNICKERS,,NR-11,3.50,3500,JOD,true,UNKNOWN,UNKNOWN,DESCRIPTION MISSING,MISSING — OWNER INPUT REQUIRED,MISSING,MISSING,DRAFT — PENDING OWNER APPROVAL
PRD-00148,PRD-00148-V01,CAT-006,FRAPPE,S1 #148,Sheet1!R155,148,FRAPE LOTUS,فرابيه لوتس,FRAPPE LOTUS,,NR-11,3.50,3500,JOD,true,UNKNOWN,UNKNOWN,DESCRIPTION MISSING,MISSING — OWNER INPUT REQUIRED,MISSING,MISSING,DRAFT — PENDING OWNER APPROVAL
PRD-00149,PRD-00149-V01,CAT-006,FRAPPE,S1 #149,Sheet1!R156,149,FRAPE SALTED CARAMEL,فرابيه سولتد كراميل,FRAPPE SALTED CARAMEL,,NR-11,3.50,3500,JOD,true,UNKNOWN,UNKNOWN,DESCRIPTION MISSING,MISSING — OWNER INPUT REQUIRED,MISSING,MISSING,DRAFT — PENDING OWNER APPROVAL
PRD-00150,PRD-00150-V01,CAT-007,TEA,S1 #152,Sheet1!R158,152,TEA ROYAL BREAKFAST,شاي رويال بريكفاست,,,,2.00,2000,JOD,true,UNKNOWN,UNKNOWN,DESCRIPTION MISSING,MISSING — OWNER INPUT REQUIRED,MISSING,MISSING,DRAFT — PENDING OWNER APPROVAL
PRD-00151,PRD-00151-V01,CAT-007,TEA,S1 #153,Sheet1!R159,153,TEA EARLY GRAY,شاي إيرل غراي,TEA EARL GREY,,NR-12,2.00,2000,JOD,true,UNKNOWN,UNKNOWN,DESCRIPTION MISSING,MISSING — OWNER INPUT REQUIRED,MISSING,MISSING,DRAFT — PENDING OWNER APPROVAL
PRD-00152,PRD-00152-V01,CAT-007,TEA,S1 #154,Sheet1!R160,154,TEA MASALA,شاي ماسالا,,,,2.00,2000,JOD,true,UNKNOWN,UNKNOWN,DESCRIPTION MISSING,MISSING — OWNER INPUT REQUIRED,MISSING,MISSING,DRAFT — PENDING OWNER APPROVAL
PRD-00153,PRD-00153-V01,CAT-007,TEA,S1 #155,Sheet1!R161,155,TEA GREEN TEA CURLS,شاي أخضر كيرلز,,,,2.00,2000,JOD,true,UNKNOWN,UNKNOWN,DESCRIPTION MISSING,MISSING — OWNER INPUT REQUIRED,MISSING,MISSING,DRAFT — PENDING OWNER APPROVAL
PRD-00154,PRD-00154-V01,CAT-007,TEA,S1 #156,Sheet1!R162,156,TEA HAPPY FOREST,شاي هابي فورست,,,,2.00,2000,JOD,true,UNKNOWN,UNKNOWN,DESCRIPTION MISSING,MISSING — OWNER INPUT REQUIRED,MISSING,MISSING,DRAFT — PENDING OWNER APPROVAL
PRD-00155,PRD-00155-V01,CAT-007,TEA,S1 #157,Sheet1!R163,157,TEA ROSA,شاي روزا,,,,2.00,2000,JOD,true,UNKNOWN,UNKNOWN,DESCRIPTION MISSING,MISSING — OWNER INPUT REQUIRED,MISSING,MISSING,DRAFT — PENDING OWNER APPROVAL
PRD-00156,PRD-00156-V01,CAT-007,TEA,S1 #158,Sheet1!R164,158,TEA MOROCCAN NIGHTS,شاي ليالي مغربية,,,,2.00,2000,JOD,true,UNKNOWN,UNKNOWN,DESCRIPTION MISSING,MISSING — OWNER INPUT REQUIRED,MISSING,MISSING,DRAFT — PENDING OWNER APPROVAL
PRD-00157,PRD-00157-V01,CAT-007,TEA,S1 #159,Sheet1!R165,159,TEA GINGER ZEST,شاي زنجبيل زست,,,,2.00,2000,JOD,true,UNKNOWN,UNKNOWN,DESCRIPTION MISSING,MISSING — OWNER INPUT REQUIRED,MISSING,MISSING,DRAFT — PENDING OWNER APPROVAL
PRD-00158,PRD-00158-V01,CAT-008,SPECIALITY COFFEE,S1 #160,Sheet1!R167,160,V60 COLOMBIA HUILA,V60 كولومبيا هويلا,,,,3.50,3500,JOD,true,UNKNOWN,UNKNOWN,DESCRIPTION MISSING,MISSING — OWNER INPUT REQUIRED,MISSING,MISSING,DRAFT — PENDING OWNER APPROVAL
PRD-00159,PRD-00159-V01,CAT-008,SPECIALITY COFFEE,S1 #161,Sheet1!R168,161,V60 HONDURAS LAS,V60 هندوراس لاس,,,MQ-12 AR-08,3.50,3500,JOD,true,UNKNOWN,UNKNOWN,DESCRIPTION MISSING,MISSING — OWNER INPUT REQUIRED,MISSING,MISSING,DRAFT — PENDING OWNER APPROVAL
PRD-00160,PRD-00160-V01,CAT-008,SPECIALITY COFFEE,S1 #162,Sheet1!R169,162,V60 INDONESIA,V60 إندونيسيا,,,,3.50,3500,JOD,true,UNKNOWN,UNKNOWN,DESCRIPTION MISSING,MISSING — OWNER INPUT REQUIRED,MISSING,MISSING,DRAFT — PENDING OWNER APPROVAL
PRD-00161,PRD-00161-V01,CAT-008,SPECIALITY COFFEE,S1 #163,Sheet1!R170,163,V60 PERU CAJAMARCA,V60 بيرو كاخاماركا,,,,3.50,3500,JOD,true,UNKNOWN,UNKNOWN,DESCRIPTION MISSING,MISSING — OWNER INPUT REQUIRED,MISSING,MISSING,DRAFT — PENDING OWNER APPROVAL
PRD-00162,PRD-00162-V01,CAT-009,SPRING,S1 #260,Sheet1!R172,260,ROZY BASIL,روزي بازل,,,MQ-06 MQ-12,3.50,3500,JOD,true,UNKNOWN,UNKNOWN,DESCRIPTION MISSING,MISSING — OWNER INPUT REQUIRED,MISSING,MISSING,DRAFT — PENDING OWNER APPROVAL
PRD-00163,PRD-00163-V01,CAT-009,SPRING,S1 #261,Sheet1!R173,261,RED LEMONADE,ريد ليموناضة,,,MQ-06,3.50,3500,JOD,true,UNKNOWN,UNKNOWN,DESCRIPTION MISSING,MISSING — OWNER INPUT REQUIRED,MISSING,MISSING,DRAFT — PENDING OWNER APPROVAL
PRD-00164,PRD-00164-V01,CAT-009,SPRING,S1 #262,Sheet1!R174,262,MANGO SUNRISE SHAKE,مانجو سن رايز شيك,,,MQ-06,3.75,3750,JOD,true,UNKNOWN,UNKNOWN,DESCRIPTION MISSING,MISSING — OWNER INPUT REQUIRED,MISSING,MISSING,DRAFT — PENDING OWNER APPROVAL
PRD-00165,PRD-00165-V01,CAT-009,SPRING,S1 #263,Sheet1!R175,263,PEACH LEMONADE,بيتش ليموناضة,,,MQ-06,3.50,3500,JOD,true,UNKNOWN,UNKNOWN,DESCRIPTION MISSING,MISSING — OWNER INPUT REQUIRED,MISSING,MISSING,DRAFT — PENDING OWNER APPROVAL
PRD-00166,PRD-00166-V01,CAT-009,SPRING,S1 #264,Sheet1!R176,264,GREEN MIX,غرين مكس,,,MQ-06,3.50,3500,JOD,true,UNKNOWN,UNKNOWN,DESCRIPTION MISSING,MISSING — OWNER INPUT REQUIRED,MISSING,MISSING,DRAFT — PENDING OWNER APPROVAL
PRD-00167,PRD-00167-V01,CAT-010,CAKE,S2 #1,Sheet2!R2,1,ENGLISH CAKE FRUIT,MISSING — OWNER INPUT REQUIRED,,إنجلش كيك فواكه,ARS,1.00,1000,JOD,true,UNKNOWN,UNKNOWN,DESCRIPTION MISSING,MISSING — OWNER INPUT REQUIRED,MISSING,MISSING,DRAFT — PENDING OWNER APPROVAL
PRD-00168,PRD-00168-V01,CAT-010,CAKE,S2 #2,Sheet2!R3,2,ENGLISH CAKE CHOCOLATE,MISSING — OWNER INPUT REQUIRED,,إنجلش كيك شوكليت,ARS,1.00,1000,JOD,true,UNKNOWN,UNKNOWN,DESCRIPTION MISSING,MISSING — OWNER INPUT REQUIRED,MISSING,MISSING,DRAFT — PENDING OWNER APPROVAL
PRD-00169,PRD-00169-V01,CAT-010,CAKE,S2 #3,Sheet2!R4,3,COFFEE BEANS CAKE,MISSING — OWNER INPUT REQUIRED,,كوفي بينز كيك,ARS,2.00,2000,JOD,true,UNKNOWN,UNKNOWN,DESCRIPTION MISSING,MISSING — OWNER INPUT REQUIRED,MISSING,MISSING,DRAFT — PENDING OWNER APPROVAL
PRD-00170,PRD-00170-V01,CAT-010,CAKE,S2 #4,Sheet2!R5,4,LAZY CAKE,MISSING — OWNER INPUT REQUIRED,,ليزي كيك,ARS,2.00,2000,JOD,true,UNKNOWN,UNKNOWN,DESCRIPTION MISSING,MISSING — OWNER INPUT REQUIRED,MISSING,MISSING,DRAFT — PENDING OWNER APPROVAL
PRD-00171,PRD-00171-V01,CAT-010,CAKE,S2 #5,Sheet2!R6,5,TIRAMISU,MISSING — OWNER INPUT REQUIRED,,تيراميسو,ARS,3.00,3000,JOD,true,UNKNOWN,UNKNOWN,DESCRIPTION MISSING,MISSING — OWNER INPUT REQUIRED,MISSING,MISSING,DRAFT — PENDING OWNER APPROVAL
PRD-00172,PRD-00172-V01,CAT-010,CAKE,S2 #6,Sheet2!R7,6,HAZELNUT CAKE,MISSING — OWNER INPUT REQUIRED,,هازلنت كيك,ARS,3.00,3000,JOD,true,UNKNOWN,UNKNOWN,DESCRIPTION MISSING,MISSING — OWNER INPUT REQUIRED,MISSING,MISSING,DRAFT — PENDING OWNER APPROVAL
PRD-00173,PRD-00173-V01,CAT-010,CAKE,S2 #7,Sheet2!R8,7,DUBAI CHOCO MOUSSE,MISSING — OWNER INPUT REQUIRED,,دبي شوكو موس,ARS,3.00,3000,JOD,true,UNKNOWN,UNKNOWN,DESCRIPTION MISSING,MISSING — OWNER INPUT REQUIRED,MISSING,MISSING,DRAFT — PENDING OWNER APPROVAL
PRD-00174,PRD-00174-V01,CAT-010,CAKE,S2 #8,Sheet2!R9,8,CHEESE CAKE STRAWBERRY,MISSING — OWNER INPUT REQUIRED,STRAWBERRY CHEESECAKE,تشيز كيك فراولة,NR-18 ARS,3.00,3000,JOD,true,UNKNOWN,UNKNOWN,DESCRIPTION MISSING,MISSING — OWNER INPUT REQUIRED,MISSING,MISSING,DRAFT — PENDING OWNER APPROVAL
PRD-00175,PRD-00175-V01,CAT-010,CAKE,S2 #9,Sheet2!R10,9,CRUNCHOCO CAKE,MISSING — OWNER INPUT REQUIRED,,كرانشوكو كيك,ARS,3.00,3000,JOD,true,UNKNOWN,UNKNOWN,DESCRIPTION MISSING,MISSING — OWNER INPUT REQUIRED,MISSING,MISSING,DRAFT — PENDING OWNER APPROVAL
PRD-00176,PRD-00176-V01,CAT-010,CAKE,S2 #10,Sheet2!R11,10,CHEESE CAKE BLUEBERRY,MISSING — OWNER INPUT REQUIRED,BLUEBERRY CHEESECAKE,تشيز كيك بلوبيري,NR-18 ARS,3.00,3000,JOD,true,UNKNOWN,UNKNOWN,DESCRIPTION MISSING,MISSING — OWNER INPUT REQUIRED,MISSING,MISSING,DRAFT — PENDING OWNER APPROVAL
PRD-00177,PRD-00177-V01,CAT-010,CAKE,S2 #11,Sheet2!R12,11,CARROT CAKE,MISSING — OWNER INPUT REQUIRED,,كيكة الجزر,ARS,3.50,3500,JOD,true,UNKNOWN,UNKNOWN,DESCRIPTION MISSING,MISSING — OWNER INPUT REQUIRED,MISSING,MISSING,DRAFT — PENDING OWNER APPROVAL
PRD-00178,PRD-00178-V01,CAT-010,CAKE,S2 #12,Sheet2!R13,12,SAN SEBASTIAN,MISSING — OWNER INPUT REQUIRED,,سان سيباستيان,ARS,3.50,3500,JOD,true,UNKNOWN,UNKNOWN,DESCRIPTION MISSING,MISSING — OWNER INPUT REQUIRED,MISSING,MISSING,DRAFT — PENDING OWNER APPROVAL
PRD-00179,PRD-00179-V01,CAT-010,CAKE,S2 #13,Sheet2!R14,13,GERMAN CHOCLATE,MISSING — OWNER INPUT REQUIRED,GERMAN CHOCOLATE,جيرمان شوكليت,NR-16 ARS,3.50,3500,JOD,true,UNKNOWN,UNKNOWN,DESCRIPTION MISSING,MISSING — OWNER INPUT REQUIRED,MISSING,MISSING,DRAFT — PENDING OWNER APPROVAL
PRD-00180,PRD-00180-V01,CAT-010,CAKE,S2 #14,Sheet2!R15,14,CROCANTE CAKE,MISSING — OWNER INPUT REQUIRED,CROCCANTE CAKE,كروكانتي كيك,NR-17 ARS,3.50,3500,JOD,true,UNKNOWN,UNKNOWN,DESCRIPTION MISSING,MISSING — OWNER INPUT REQUIRED,MISSING,MISSING,DRAFT — PENDING OWNER APPROVAL
PRD-00181,PRD-00181-V01,CAT-010,CAKE,S2 #15,Sheet2!R16,15,RED VALVET CAKE,MISSING — OWNER INPUT REQUIRED,RED VELVET CAKE,ريد فيلفيت كيك,NR-15 ARS,3.50,3500,JOD,true,UNKNOWN,UNKNOWN,DESCRIPTION MISSING,MISSING — OWNER INPUT REQUIRED,MISSING,MISSING,DRAFT — PENDING OWNER APPROVAL
PRD-00182,PRD-00182-V01,CAT-010,CAKE,S2 #16,Sheet2!R17,16,HONEY CAKE,MISSING — OWNER INPUT REQUIRED,,هاني كيك,ARS,3.50,3500,JOD,true,UNKNOWN,UNKNOWN,DESCRIPTION MISSING,MISSING — OWNER INPUT REQUIRED,MISSING,MISSING,DRAFT — PENDING OWNER APPROVAL
PRD-00183,PRD-00183-V01,CAT-010,CAKE,S2 #17,Sheet2!R18,17,MANGO CHEESECAKE,MISSING — OWNER INPUT REQUIRED,,تشيز كيك مانجو,ARS,3.50,3500,JOD,true,UNKNOWN,UNKNOWN,DESCRIPTION MISSING,MISSING — OWNER INPUT REQUIRED,MISSING,MISSING,DRAFT — PENDING OWNER APPROVAL
PRD-00184,PRD-00184-V01,CAT-010,CAKE,S2 #18,Sheet2!R19,18,BROWNIES,MISSING — OWNER INPUT REQUIRED,,براونيز,ARS,3.50,3500,JOD,true,UNKNOWN,UNKNOWN,DESCRIPTION MISSING,MISSING — OWNER INPUT REQUIRED,MISSING,MISSING,DRAFT — PENDING OWNER APPROVAL
PRD-00185,PRD-00185-V01,CAT-010,CAKE,S2 #19,Sheet2!R20,19,PASSION FRUIT CHEESECAKE,MISSING — OWNER INPUT REQUIRED,,تشيز كيك باشن فروت,ARS,3.50,3500,JOD,true,UNKNOWN,UNKNOWN,DESCRIPTION MISSING,MISSING — OWNER INPUT REQUIRED,MISSING,MISSING,DRAFT — PENDING OWNER APPROVAL
PRD-00186,PRD-00186-V01,CAT-010,CAKE,S2 #20,Sheet2!R21,20,LONDON CAKE,MISSING — OWNER INPUT REQUIRED,,لندن كيك,ARS,3.50,3500,JOD,true,UNKNOWN,UNKNOWN,DESCRIPTION MISSING,MISSING — OWNER INPUT REQUIRED,MISSING,MISSING,DRAFT — PENDING OWNER APPROVAL
PRD-00187,PRD-00187-V01,CAT-010,CAKE,S2 #21,Sheet2!R22,21,SAN SEBASTIAN BERRIES,MISSING — OWNER INPUT REQUIRED,,سان سيباستيان بيريز,ARS,4.00,4000,JOD,true,UNKNOWN,UNKNOWN,DESCRIPTION MISSING,MISSING — OWNER INPUT REQUIRED,MISSING,MISSING,DRAFT — PENDING OWNER APPROVAL
PRD-00188,PRD-00188-V01,CAT-011,COOKIES,S2 #22,Sheet2!R24,22,COOCKIES CHOCOLATE,MISSING — OWNER INPUT REQUIRED,COOKIES CHOCOLATE,كوكيز شوكليت,NR-14 ARS,1.00,1000,JOD,true,UNKNOWN,UNKNOWN,DESCRIPTION MISSING,MISSING — OWNER INPUT REQUIRED,MISSING,MISSING,DRAFT — PENDING OWNER APPROVAL
PRD-00189,PRD-00189-V01,CAT-011,COOKIES,S2 #23,Sheet2!R25,23,COOCKIES MILK CHOCOLATE,MISSING — OWNER INPUT REQUIRED,COOKIES MILK CHOCOLATE,كوكيز ميلك شوكليت,NR-14 ARS,1.00,1000,JOD,true,UNKNOWN,UNKNOWN,DESCRIPTION MISSING,MISSING — OWNER INPUT REQUIRED,MISSING,MISSING,DRAFT — PENDING OWNER APPROVAL
PRD-00190,PRD-00190-V01,CAT-011,COOKIES,S2 #24,Sheet2!R26,24,NUTELLA COOKIES,MISSING — OWNER INPUT REQUIRED,COOKIES NUTELLA,كوكيز نوتيلا,NR-19 ARS,1.50,1500,JOD,true,UNKNOWN,UNKNOWN,DESCRIPTION MISSING,MISSING — OWNER INPUT REQUIRED,MISSING,MISSING,DRAFT — PENDING OWNER APPROVAL
PRD-00191,PRD-00191-V01,CAT-011,COOKIES,S2 #25,Sheet2!R27,25,COOCKIES KINDER,MISSING — OWNER INPUT REQUIRED,COOKIES KINDER,كوكيز كيندر,NR-14 ARS,1.50,1500,JOD,true,UNKNOWN,UNKNOWN,DESCRIPTION MISSING,MISSING — OWNER INPUT REQUIRED,MISSING,MISSING,DRAFT — PENDING OWNER APPROVAL
PRD-00192,PRD-00192-V01,CAT-011,COOKIES,S2 #26,Sheet2!R28,26,COOKIES PISTACHIO,MISSING — OWNER INPUT REQUIRED,,كوكيز فستق,ARS,1.50,1500,JOD,true,UNKNOWN,UNKNOWN,DESCRIPTION MISSING,MISSING — OWNER INPUT REQUIRED,MISSING,MISSING,DRAFT — PENDING OWNER APPROVAL
