listed_in,url,status,redirect_chain,final_url,canonical,meta_robots,title,description_chars,h1_count,lang,schema_types,img,img_without_alt,html_kb,cf_cache
post-sitemap.xml,/blog/,200,200,/blog/,self,"index, follow, max-image-preview:large, max-snippet:-1, max-video-preview:-1",مدونة شلتر كافية - مقالات عن القهوة المختصة,111,0,ar-JO,26,7,1,123,DYNAMIC
post-sitemap.xml,/shelter-menu-irbid-2026/,200,200,/shelter-menu-irbid-2026/,self,"index, follow, max-image-preview:large, max-snippet:-1, max-video-preview:-1",منيو شلتر كافيه اربد 2026 | القائمة الشاملة,118,1,ar-JO,31,8,1,121,DYNAMIC
post-sitemap.xml,/shelter-spring-drinks-2026-irbid/,200,200,/shelter-spring-drinks-2026-irbid/,self,"index, follow, max-image-preview:large, max-snippet:-1, max-video-preview:-1",قائمة الربيع 2026 في شلتر كافيه اربد | 5 مشروبات جديدة,134,1,ar-JO,31,8,1,120,DYNAMIC
post-sitemap.xml,/specialty-vs-commercial-coffee/,200,200,/specialty-vs-commercial-coffee/,self,"index, follow, max-image-preview:large, max-snippet:-1, max-video-preview:-1",الفرق بين القهوة المختصة والقهوة العادية - شلتر كافيه اربد,127,1,ar-JO,31,8,1,120,DYNAMIC
post-sitemap.xml,/best-drive-thru-coffee-irbid/,200,200,/best-drive-thru-coffee-irbid/,self,"index, follow, max-image-preview:large, max-snippet:-1, max-video-preview:-1",درايف ثرو قهوة اربد - شلتر كافيه الخيار الأول للسيارات,115,1,ar-JO,31,8,1,120,DYNAMIC
post-sitemap.xml,/specialty-coffee-brewing-methods/,200,200,/specialty-coffee-brewing-methods/,self,"index, follow, max-image-preview:large, max-snippet:-1, max-video-preview:-1",طرق تحضير القهوة المختصة - دليل شلتر كافيه اربد الكامل,117,1,ar-JO,31,8,1,120,DYNAMIC
post-sitemap.xml,/specialty-coffee-beans-origins/,200,200,/specialty-coffee-beans-origins/,self,"index, follow, max-image-preview:large, max-snippet:-1, max-video-preview:-1",حبوب القهوة المختصة - دليل أصول الحبوب | شلتر كافيه اربد,125,1,ar-JO,31,8,1,120,DYNAMIC
post-sitemap.xml,/قهوة-مختصة-اربد-دليل-شلتر/,200,200,/قهوة-مختصة-اربد-دليل-شلتر/,/قهوة-مختصة-اربد-دليل-شلتر/,"index, follow, max-image-preview:large, max-snippet:-1, max-video-preview:-1",قهوة مختصة اربد - دليل شلتر كافيه الشامل 2026,127,1,ar-JO,31,8,1,123,DYNAMIC
post-sitemap.xml,/أول-خدمة-سيارات-في-الشمال-كافيه-شلتر/,200,200,/أول-خدمة-سيارات-في-الشمال-كافيه-شلتر/,/أول-خدمة-سيارات-في-الشمال-كافيه-شلتر/,"index, follow, max-image-preview:large, max-snippet:-1, max-video-preview:-1",كافيه شلتر اربد - أول خدمة درايف ثرو في شمال الأردن,125,1,ar-JO,31,16,9,158,DYNAMIC
post-sitemap.xml,/drive-thru-shelter-irbid-how-it-works/,200,200,/drive-thru-shelter-irbid-how-it-works/,self,"index, follow, max-image-preview:large, max-snippet:-1, max-video-preview:-1",كيف يعمل الدرايف ثرو في شلتر كافيه إربد — خطوة بخطوة,91,1,ar-JO,31,7,1,117,DYNAMIC
post-sitemap.xml,/coffee-house-vs-cafe/,200,200,/coffee-house-vs-cafe/,self,"index, follow, max-image-preview:large, max-snippet:-1, max-video-preview:-1",الفرق بين كوفي هاوس وكافيه — وأيّهما يناسبك في إربد - شلتر كافية,121,1,ar-JO,31,7,1,116,DYNAMIC
post-sitemap.xml,/best-cafes-irbid-2026/,200,200,/best-cafes-irbid-2026/,self,"index, follow, max-image-preview:large, max-snippet:-1, max-video-preview:-1",دليل كافيهات إربد 2026 — قهوة مختصة، كوفي هاوس ودرايف ثرو - شلتر كافية,118,1,ar-JO,31,7,1,133,DYNAMIC
page-sitemap.xml,/,200,200,/,self,"index, follow, max-image-preview:large, max-snippet:-1, max-video-preview:-1",شلتر كافيه إربد - قهوة مختصة ودرايف ثرو | كافيهات اربد,130,1,ar-JO,28,30,1,199,DYNAMIC
page-sitemap.xml,/data-deletion/,200,200,/data-deletion/,self,"index, follow, max-image-preview:large, max-snippet:-1, max-video-preview:-1",Data Deletion Request - Shelter Coffee Drive,156,2,ar-JO,28,7,1,105,DYNAMIC
page-sitemap.xml,/terms/,200,200,/terms/,self,"index, follow, max-image-preview:large, max-snippet:-1, max-video-preview:-1",Terms of Service - Shelter Coffee Drive Irbid,137,2,ar-JO,28,7,1,106,DYNAMIC
page-sitemap.xml,/privacy/,200,200,/privacy/,self,"index, follow, max-image-preview:large, max-snippet:-1, max-video-preview:-1",Privacy Policy - Shelter Coffee Drive Irbid,140,2,ar-JO,28,7,1,112,DYNAMIC
page-sitemap.xml,/الشروط-والاحكام-لموقع-شلتر-كافية/,200,200,/الشروط-والاحكام-لموقع-شلتر-كافية/,/الشروط-والاحكام-لموقع-شلتر-كافية/,"index, follow, max-image-preview:large, max-snippet:-1, max-video-preview:-1",الشروط والأحكام - شلتر كافية اربد,112,1,ar-JO,28,8,1,122,DYNAMIC
page-sitemap.xml,/newsletter/,200,200,/newsletter/,self,"index, follow, max-image-preview:large, max-snippet:-1, max-video-preview:-1",النشرة البريدية - شلتر كافية اربد,107,0,ar-JO,28,7,1,105,DYNAMIC
page-sitemap.xml,/التوظيف-في-شلتر-كافية/,200,200,/التوظيف-في-شلتر-كافية/,/التوظيف-في-شلتر-كافية/,"index, follow, max-image-preview:large, max-snippet:-1, max-video-preview:-1",فرص عمل شلتر كافيه اربد | انضم للفريق,108,2,ar-JO,28,12,1,150,DYNAMIC
page-sitemap.xml,/من-هو-شلتر-كافية-في-اربد/,200,200,/من-هو-شلتر-كافية-في-اربد/,/من-هو-شلتر-كافية-في-اربد/,"index, follow, max-image-preview:large, max-snippet:-1, max-video-preview:-1",من نحن - شلتر كافيه اربد | قصة قهوة مختصة,112,1,ar-JO,28,14,1,155,DYNAMIC
page-sitemap.xml,/موقع-شلتر-كافية-محافظة-اربد/,200,200,/موقع-شلتر-كافية-محافظة-اربد/,/موقع-شلتر-كافية-محافظة-اربد/,"index, follow, max-image-preview:large, max-snippet:-1, max-video-preview:-1",موقع شلتر كافيه اربد | شارع الجامعة - قصر النخيل,120,1,ar-JO,28,10,1,140,DYNAMIC
page-sitemap.xml,/franchise-shelter-coffee/,200,200,/franchise-shelter-coffee/,self,"index, follow, max-image-preview:large, max-snippet:-1, max-video-preview:-1",فرنشايز شلتر كافية - فرص الشراكة والاستثمار,118,1,ar-JO,28,7,1,112,DYNAMIC
page-sitemap.xml,/family/,200,200,/family/,self,"index, follow, max-image-preview:large, max-snippet:-1, max-video-preview:-1",عائلة شلتر كافيه - فريق درايف ثرو القهوة المختصة,110,1,ar-JO,28,14,1,118,DYNAMIC
page-sitemap.xml,/drive-thru/,200,200,/drive-thru/,self,"index, follow, max-image-preview:large, max-snippet:-1, max-video-preview:-1",خدمة الدرايف ثرو في شلتر كافيه إربد - شلتر كافية,111,0,ar-JO,28,7,1,107,DYNAMIC
page-sitemap.xml,/qasr-al-nakheel-branch/,200,200,/qasr-al-nakheel-branch/,self,"index, follow, max-image-preview:large, max-snippet:-1, max-video-preview:-1",فرع شلتر كافيه الرئيسي — إربد، بجانب قصر النخيل - شلتر كافية,109,1,ar-JO,28,7,1,109,DYNAMIC
page-sitemap.xml,/city-centre-branch/,200,200,/city-centre-branch/,self,"index, follow, max-image-preview:large, max-snippet:-1, max-video-preview:-1",شلتر كافيه — إربد ستي سنتر، الطابق الأول - شلتر كافية,150,1,ar-JO,28,7,1,108,DYNAMIC
page-sitemap.xml,/faq/,200,200,/faq/,self,"index, follow, max-image-preview:large, max-snippet:-1, max-video-preview:-1",الأسئلة الشائعة — شلتر كافيه إربد - شلتر كافية,106,0,ar-JO,28,7,1,109,DYNAMIC
page-sitemap.xml,/القائمة-شلتر-كافية-محافظة-اربد/,200,200,/القائمة-شلتر-كافية-محافظة-اربد/,/القائمة-شلتر-كافية-محافظة-اربد/,"index, follow, max-image-preview:large, max-snippet:-1, max-video-preview:-1",القائمة - شلتر كافيه اربد | 40+ مشروب مختص,125,2,ar-JO,28,118,1,297,DYNAMIC
wpseo_locations-sitemap.xml,/locations/,200,200,/locations/,self,"index, follow, max-image-preview:large, max-snippet:-1, max-video-preview:-1",Locations الأرشيف - شلتر كافية,0,0,ar-JO,27,7,1,100,DYNAMIC
wpseo_locations-sitemap.xml,/locations/شلتر-كافية-إربد/,200,200,/locations/شلتر-كافية-إربد/,/locations/شلتر-كافية-إربد/,"index, follow, max-image-preview:large, max-snippet:-1, max-video-preview:-1",شلتر كافية - إربد - شلتر كافية,0,0,ar-JO,28,7,1,105,DYNAMIC
wpseo_locations-sitemap.xml,/locations/شلتر-كافيه-إربد-ستي-سنتر/,200,200,/locations/شلتر-كافيه-إربد-ستي-سنتر/,/locations/شلتر-كافيه-إربد-ستي-سنتر/,"index, follow, max-image-preview:large, max-snippet:-1, max-video-preview:-1",شلتر كافيه - إربد ستي سنتر - شلتر كافية,0,0,ar-JO,28,7,1,106,DYNAMIC
category-sitemap.xml,/category/specialty-coffee/,200,200,/category/specialty-coffee/,self,"index, follow, max-image-preview:large, max-snippet:-1, max-video-preview:-1",قهوة مختصة Archives - شلتر كافية,0,0,ar-JO,27,7,1,112,DYNAMIC
author-sitemap.xml,/author/info/,200,200,/author/info/,self,"index, follow, max-image-preview:large, max-snippet:-1, max-video-preview:-1","Info, Author at شلتر كافية",0,0,ar-JO,29,7,1,123,DYNAMIC
geo-sitemap.xml,/locations.kml,200,200,/locations.kml,,,,0,,,0,,,0,DYNAMIC
extra,/menu,200,301 > 200,/القائمة-شلتر-كافية-محافظة-اربد/,/القائمة-شلتر-كافية-محافظة-اربد/,"index, follow, max-image-preview:large, max-snippet:-1, max-video-preview:-1",القائمة - شلتر كافيه اربد | 40+ مشروب مختص,125,2,ar-JO,28,118,1,296,DYNAMIC
extra,/hiring,200,301 > 200,/التوظيف-في-شلتر-كافية/,/التوظيف-في-شلتر-كافية/,"index, follow, max-image-preview:large, max-snippet:-1, max-video-preview:-1",فرص عمل شلتر كافيه اربد | انضم للفريق,108,2,ar-JO,28,12,1,150,DYNAMIC
extra,/موقعنا,200,301 > 200,/موقع-شلتر-كافية-محافظة-اربد/,/موقع-شلتر-كافية-محافظة-اربد/,"index, follow, max-image-preview:large, max-snippet:-1, max-video-preview:-1",موقع شلتر كافيه اربد | شارع الجامعة - قصر النخيل,120,1,ar-JO,28,10,1,141,DYNAMIC
extra,http://shelterjo.com/,403,403,http://shelterjo.com/,,,,0,,,0,,,0,
extra,https://shelterjo.com/menu,200,301 > 200,/القائمة-شلتر-كافية-محافظة-اربد/,/القائمة-شلتر-كافية-محافظة-اربد/,"index, follow, max-image-preview:large, max-snippet:-1, max-video-preview:-1",القائمة - شلتر كافيه اربد | 40+ مشروب مختص,125,2,ar-JO,28,118,1,296,DYNAMIC
extra,/en/,404,404,/en/,,"noindex, follow",Page not found - شلتر كافية,0,1,ar-JO,25,8,1,99,DYNAMIC
extra,/ar/,404,404,/ar/,,"noindex, follow",Page not found - شلتر كافية,0,1,ar-JO,25,8,1,99,DYNAMIC
extra,/this-page-does-not-exist-404-check/,404,404,/this-page-does-not-exist-404-check/,,"noindex, follow",Page not found - شلتر كافية,0,1,ar-JO,25,8,1,99,DYNAMIC
seed,/the-biggest-mental-and-physical-benefits-of-working-out/,404,404,/the-biggest-mental-and-physical-benefits-of-working-out/,,"noindex, follow",Page not found - شلتر كافية,0,1,ar-JO,25,8,1,100,DYNAMIC
seed,/mental-physical-challenges-to-overcome/,404,404,/mental-physical-challenges-to-overcome/,,"noindex, follow",Page not found - شلتر كافية,0,1,ar-JO,25,8,1,99,DYNAMIC
seed,/category/uncategorized/,200,200,/category/uncategorized/,,"noindex, follow",Uncategorized Archives - شلتر كافية,0,0,ar-JO,27,7,1,111,DYNAMIC
seed,/uicore-tb-sitemap.xml,404,404,/uicore-tb-sitemap.xml,,"noindex, follow",Page not found - شلتر كافية,0,1,ar-JO,25,8,1,99,DYNAMIC
seed,/sitemap.xml,200,301 > 200,/sitemap_index.xml,,,,0,,,0,,,0,DYNAMIC
