product_id,name_en,name_ar,name_ar_status,category_id,category,subcategory_id,subcategory_en,subcategory_ar,confidence,notes
PRD-00001,TURKISH COFFEE SINGLE,قهوة تركية سينجل,APPROVED,CAT-001,HOT DRINKS,HOT-TRD,TRADITIONAL,قهوة تقليدية,HIGH,
PRD-00002,TURKISH COFFEE DOUBLE,قهوة تركية دوبل,APPROVED,CAT-001,HOT DRINKS,HOT-TRD,TRADITIONAL,قهوة تقليدية,HIGH,
PRD-00003,AMERICAN COFFEE,قهوة أمريكية,PENDING,CAT-001,HOT DRINKS,HOT-TRD,TRADITIONAL,قهوة تقليدية,MEDIUM,صنف مختلف عن AMERICANO (D-111)؛ طريقة التحضير غير معروفة
PRD-00004,AMERICANO,أمريكانو,PENDING,CAT-001,HOT DRINKS,HOT-ESP,ESPRESSO & CLASSICS,إسبريسو وكلاسيك,HIGH,
PRD-00005,RED EYE,ريد آي,PENDING,CAT-001,HOT DRINKS,HOT-ESP,ESPRESSO & CLASSICS,إسبريسو وكلاسيك,MEDIUM,اسم مشروب قهوة كلاسيكي معروف؛ وصفة SHELTER غير معروفة
PRD-00006,BLACK EYE,بلاك آي,PENDING,CAT-001,HOT DRINKS,HOT-ESP,ESPRESSO & CLASSICS,إسبريسو وكلاسيك,MEDIUM,نفس الملاحظة
PRD-00007,DEAD EYE,ديد آي,PENDING,CAT-001,HOT DRINKS,HOT-ESP,ESPRESSO & CLASSICS,إسبريسو وكلاسيك,MEDIUM,نفس الملاحظة
PRD-00008,EYE OF THE TIGER,آي أوف ذا تايغر,PENDING,CAT-001,HOT DRINKS,HOT-ESP,ESPRESSO & CLASSICS,إسبريسو وكلاسيك,MEDIUM,اسم خاص؛ وُضع مع عائلة RED/BLACK/DEAD EYE بالاسم فقط
PRD-00009,ESPRESSO DOUBLE,إسبريسو دوبل,PENDING,CAT-001,HOT DRINKS,HOT-ESP,ESPRESSO & CLASSICS,إسبريسو وكلاسيك,HIGH,
PRD-00010,ESPRESSO CON PANNA,إسبريسو كون بانا,PENDING,CAT-001,HOT DRINKS,HOT-ESP,ESPRESSO & CLASSICS,إسبريسو وكلاسيك,HIGH,
PRD-00011,ESPRESSO MACCHIATO,إسبريسو ماكياتو,PENDING,CAT-001,HOT DRINKS,HOT-ESP,ESPRESSO & CLASSICS,إسبريسو وكلاسيك,HIGH,
PRD-00012,MACCHIATO,ماكياتو,PENDING,CAT-001,HOT DRINKS,HOT-ESP,ESPRESSO & CLASSICS,إسبريسو وكلاسيك,HIGH,صنف مختلف عن ESPRESSO MACCHIATO (D-112)
PRD-00013,CARAMEL MACCHIATO,كراميل ماكياتو,PENDING,CAT-001,HOT DRINKS,HOT-LAT,LATTES & FLAVORS,لاتيه ونكهات,HIGH,منكّه
PRD-00014,CAPPUCCINO,كابتشينو,PENDING,CAT-001,HOT DRINKS,HOT-ESP,ESPRESSO & CLASSICS,إسبريسو وكلاسيك,HIGH,
PRD-00015,LATTE,لاتيه,PENDING,CAT-001,HOT DRINKS,HOT-ESP,ESPRESSO & CLASSICS,إسبريسو وكلاسيك,HIGH,لاتيه بدون نكهة = كلاسيك
PRD-00016,FLAT WHITE,فلات وايت,PENDING,CAT-001,HOT DRINKS,HOT-ESP,ESPRESSO & CLASSICS,إسبريسو وكلاسيك,HIGH,
PRD-00017,CORTADO,كورتادو,PENDING,CAT-001,HOT DRINKS,HOT-ESP,ESPRESSO & CLASSICS,إسبريسو وكلاسيك,HIGH,
PRD-00018,SPANISH LATTE,سبانيش لاتيه,PENDING,CAT-001,HOT DRINKS,HOT-LAT,LATTES & FLAVORS,لاتيه ونكهات,HIGH,
PRD-00019,FRENCH COFFEE,قهوة فرنسية,PENDING,CAT-001,HOT DRINKS,HOT-TRD,TRADITIONAL,قهوة تقليدية,MEDIUM,"""قهوة فرنسية"" مشروب محلي شائع؛ الوصفة غير معروفة"
PRD-00020,CARAMEL LATTE,كراميل لاتيه,PENDING,CAT-001,HOT DRINKS,HOT-LAT,LATTES & FLAVORS,لاتيه ونكهات,HIGH,
PRD-00021,VANILLA LATTE,فانيلا لاتيه,PENDING,CAT-001,HOT DRINKS,HOT-LAT,LATTES & FLAVORS,لاتيه ونكهات,HIGH,
PRD-00022,HAZELNUT LATTE,هازلنت لاتيه,PENDING,CAT-001,HOT DRINKS,HOT-LAT,LATTES & FLAVORS,لاتيه ونكهات,HIGH,
PRD-00023,CINNAMON NUT LATTE,سينامون نت لاتيه,PENDING,CAT-001,HOT DRINKS,HOT-LAT,LATTES & FLAVORS,لاتيه ونكهات,HIGH,
PRD-00024,SALTED CARAMEL LATTE,سولتد كراميل لاتيه,PENDING,CAT-001,HOT DRINKS,HOT-LAT,LATTES & FLAVORS,لاتيه ونكهات,HIGH,
PRD-00025,IRISH LATTE,آيريش لاتيه,PENDING,CAT-001,HOT DRINKS,HOT-LAT,LATTES & FLAVORS,لاتيه ونكهات,HIGH,
PRD-00026,MATCHA LATTE,ماتشا لاتيه,PENDING,CAT-001,HOT DRINKS,HOT-CHM,"CHOCOLATE, MATCHA & MORE",شوكولاتة وماتشا والمزيد,MEDIUM,ماتشا وليس قهوة؛ اسم القسم يذكر الماتشا صراحة
PRD-00027,CARAMEL LATTE (SUGAR-FREE),كراميل لاتيه (بدون سكر),PENDING,CAT-001,HOT DRINKS,HOT-LAT,LATTES & FLAVORS,لاتيه ونكهات,HIGH,
PRD-00028,VANILLA LATTE (SUGAR-FREE),فانيلا لاتيه (بدون سكر),PENDING,CAT-001,HOT DRINKS,HOT-LAT,LATTES & FLAVORS,لاتيه ونكهات,HIGH,
PRD-00029,HAZELNUT LATTE (SUGAR-FREE),هازلنت لاتيه (بدون سكر),PENDING,CAT-001,HOT DRINKS,HOT-LAT,LATTES & FLAVORS,لاتيه ونكهات,HIGH,
PRD-00030,MOCHA,موكا,PENDING,CAT-001,HOT DRINKS,HOT-LAT,LATTES & FLAVORS,لاتيه ونكهات,MEDIUM,يمكن وضعه في الشوكولاتة؛ وُضع مع اللاتيه المنكّه
PRD-00031,WHITE MOCHA,وايت موكا,PENDING,CAT-001,HOT DRINKS,HOT-LAT,LATTES & FLAVORS,لاتيه ونكهات,MEDIUM,نفس ملاحظة MOCHA
PRD-00032,AFFOGATO,أفوغاتو,PENDING,CAT-001,HOT DRINKS,HOT-ESP,ESPRESSO & CLASSICS,إسبريسو وكلاسيك,MEDIUM,كلاسيك إسبريسو بالاسم
PRD-00033,IRISH COFFEE,آيريش كوفي,PENDING,CAT-001,HOT DRINKS,HOT-LAT,LATTES & FLAVORS,لاتيه ونكهات,MEDIUM,منكّه بالاسم؛ الوصفة غير معروفة
PRD-00034,NESCAFE,نسكافيه,PENDING,CAT-001,HOT DRINKS,HOT-TRD,TRADITIONAL,قهوة تقليدية,MEDIUM,قهوة سريعة التحضير
PRD-00035,MESTEKH,مستكة,PENDING,CAT-001,HOT DRINKS,PENDING,PENDING OWNER REVIEW,بانتظار مراجعة الـOwner,PENDING OWNER REVIEW,اسم غير واضح (D-139) — لا نعرف ما هو
PRD-00036,HOT CHOCOLATE,هوت شوكليت,PENDING,CAT-001,HOT DRINKS,HOT-CHM,"CHOCOLATE, MATCHA & MORE",شوكولاتة وماتشا والمزيد,HIGH,
PRD-00037,HOT LOTUS,هوت لوتس,PENDING,CAT-001,HOT DRINKS,HOT-CHM,"CHOCOLATE, MATCHA & MORE",شوكولاتة وماتشا والمزيد,MEDIUM,"بنمط الاسم HOT + نكهة؛ لا نعرف إن كان يحتوي قهوة — لا ندّعي ""بدون قهوة"""
PRD-00038,HOT PISTACHIO,هوت فستق,PENDING,CAT-001,HOT DRINKS,HOT-CHM,"CHOCOLATE, MATCHA & MORE",شوكولاتة وماتشا والمزيد,MEDIUM,نفس الملاحظة
PRD-00039,HOT NUTELLA,هوت نوتيلا,PENDING,CAT-001,HOT DRINKS,HOT-CHM,"CHOCOLATE, MATCHA & MORE",شوكولاتة وماتشا والمزيد,MEDIUM,نفس الملاحظة
PRD-00040,ICED AMERICAN,آيس أمريكان,PENDING,CAT-002,COLD DRINKS,COLD-CLS,ICED CLASSICS,آيس كلاسيك,MEDIUM,صنف مختلف عن ICED AMERICANO (D-111)
PRD-00041,ICED CAPPUCCINO,آيس كابتشينو,PENDING,CAT-002,COLD DRINKS,COLD-CLS,ICED CLASSICS,آيس كلاسيك,HIGH,
PRD-00042,ICED SHAKEN CARAMEL,آيس شيكن كراميل,PENDING,CAT-002,COLD DRINKS,COLD-SHK,ICED SHAKEN,آيس شيكن,HIGH,صنف مستقل (D-124)
PRD-00043,ICED CARAMEL LATTE,آيس كراميل لاتيه,PENDING,CAT-002,COLD DRINKS,COLD-LAT,ICED LATTES & FLAVORS,آيس لاتيه ونكهات,HIGH,
PRD-00044,ICED CARAMEL LATTE (SUGAR-FREE),آيس كراميل لاتيه (بدون سكر),APPROVED,CAT-002,COLD DRINKS,COLD-LAT,ICED LATTES & FLAVORS,آيس لاتيه ونكهات,HIGH,
PRD-00045,ICED AMERICANO,آيس أمريكانو,PENDING,CAT-002,COLD DRINKS,COLD-CLS,ICED CLASSICS,آيس كلاسيك,HIGH,
PRD-00046,ICED LATTE,آيس لاتيه,PENDING,CAT-002,COLD DRINKS,COLD-CLS,ICED CLASSICS,آيس كلاسيك,HIGH,
PRD-00047,ICED SHAKEN WHITE MOCHA,آيس شيكن وايت موكا,PENDING,CAT-002,COLD DRINKS,COLD-SHK,ICED SHAKEN,آيس شيكن,HIGH,
PRD-00048,ICED VANILLA LATTE,آيس فانيلا لاتيه,PENDING,CAT-002,COLD DRINKS,COLD-LAT,ICED LATTES & FLAVORS,آيس لاتيه ونكهات,HIGH,
PRD-00049,ICED VANILLA LATTE (SUGAR-FREE),آيس فانيلا لاتيه (بدون سكر),APPROVED,CAT-002,COLD DRINKS,COLD-LAT,ICED LATTES & FLAVORS,آيس لاتيه ونكهات,HIGH,
PRD-00050,ICED MATCHA,آيس ماتشا,PENDING,CAT-002,COLD DRINKS,COLD-CHM,"CHOCOLATE, MATCHA & MORE",شوكولاتة وماتشا والمزيد,MEDIUM,ماتشا
PRD-00051,ICED NUTELLA,آيس نوتيلا,PENDING,CAT-002,COLD DRINKS,COLD-CHM,"CHOCOLATE, MATCHA & MORE",شوكولاتة وماتشا والمزيد,MEDIUM,لا نعرف إن كان يحتوي قهوة
PRD-00052,ICED SHAKEN VANILLA,آيس شيكن فانيلا,PENDING,CAT-002,COLD DRINKS,COLD-SHK,ICED SHAKEN,آيس شيكن,HIGH,
PRD-00053,ICED HAZELNUT LATTE,آيس هازلنت لاتيه,PENDING,CAT-002,COLD DRINKS,COLD-LAT,ICED LATTES & FLAVORS,آيس لاتيه ونكهات,HIGH,
PRD-00054,ICED HAZELNUT LATTE (SUGAR-FREE),آيس هازلنت لاتيه (بدون سكر),APPROVED,CAT-002,COLD DRINKS,COLD-LAT,ICED LATTES & FLAVORS,آيس لاتيه ونكهات,HIGH,
PRD-00055,ICED PISTACHIO,آيس فستق,PENDING,CAT-002,COLD DRINKS,COLD-CHM,"CHOCOLATE, MATCHA & MORE",شوكولاتة وماتشا والمزيد,MEDIUM,نفس الملاحظة
PRD-00056,ICED LOTUS,آيس لوتس,PENDING,CAT-002,COLD DRINKS,COLD-CHM,"CHOCOLATE, MATCHA & MORE",شوكولاتة وماتشا والمزيد,MEDIUM,نفس الملاحظة
PRD-00057,ICED SHAKEN HAZELNUT,آيس شيكن هازلنت,PENDING,CAT-002,COLD DRINKS,COLD-SHK,ICED SHAKEN,آيس شيكن,HIGH,
PRD-00058,ICED SPANISH LATTE,آيس سبانيش لاتيه,PENDING,CAT-002,COLD DRINKS,COLD-LAT,ICED LATTES & FLAVORS,آيس لاتيه ونكهات,HIGH,
PRD-00059,ICED CHOCOLATE,آيس شوكليت,PENDING,CAT-002,COLD DRINKS,COLD-CHM,"CHOCOLATE, MATCHA & MORE",شوكولاتة وماتشا والمزيد,HIGH,
PRD-00060,ICED CROCCONATE,آيس كروكونات,PENDING,CAT-002,COLD DRINKS,PENDING,PENDING OWNER REVIEW,بانتظار مراجعة الـOwner,PENDING OWNER REVIEW,اسم غير واضح (D-139)
PRD-00061,ICED CARAMEL MACCHIATO,آيس كراميل ماكياتو,PENDING,CAT-002,COLD DRINKS,COLD-LAT,ICED LATTES & FLAVORS,آيس لاتيه ونكهات,HIGH,
PRD-00062,ICED WHITE MOCHA,آيس وايت موكا,PENDING,CAT-002,COLD DRINKS,COLD-LAT,ICED LATTES & FLAVORS,آيس لاتيه ونكهات,MEDIUM,نفس الملاحظة
PRD-00063,ICED MOCHA,آيس موكا,PENDING,CAT-002,COLD DRINKS,COLD-LAT,ICED LATTES & FLAVORS,آيس لاتيه ونكهات,MEDIUM,نفس ملاحظة MOCHA
PRD-00064,ICED IRISH LATTE,آيس آيريش لاتيه,PENDING,CAT-002,COLD DRINKS,COLD-LAT,ICED LATTES & FLAVORS,آيس لاتيه ونكهات,HIGH,
PRD-00065,ICED TOFFEE NUT LATTE,آيس توفي نت لاتيه,PENDING,CAT-002,COLD DRINKS,COLD-LAT,ICED LATTES & FLAVORS,آيس لاتيه ونكهات,HIGH,
PRD-00066,ICED SALTED CARAMEL LATTE,آيس سولتد كراميل لاتيه,PENDING,CAT-002,COLD DRINKS,COLD-LAT,ICED LATTES & FLAVORS,آيس لاتيه ونكهات,HIGH,
PRD-00067,ICED SHAKEN SALTED CARAMEL,آيس شيكن سولتد,PENDING,CAT-002,COLD DRINKS,COLD-SHK,ICED SHAKEN,آيس شيكن,HIGH,الاسم العربي PENDING (D-138)
PRD-00068,ICED CINNAMON NUT LATTE,آيس سينامون نت لاتيه,PENDING,CAT-002,COLD DRINKS,COLD-LAT,ICED LATTES & FLAVORS,آيس لاتيه ونكهات,HIGH,
PRD-00069,ICED TEA BERRY,آيس تي بيري,PENDING,CAT-002,COLD DRINKS,COLD-TEA,ICED TEA,آيس تي,HIGH,
PRD-00070,ICED TEA POMEGRANATE,آيس تي رمان,PENDING,CAT-002,COLD DRINKS,COLD-TEA,ICED TEA,آيس تي,HIGH,
PRD-00071,ICED TEA PASSION + PEACH,آيس تي باشن + بيتش,PENDING,CAT-002,COLD DRINKS,COLD-TEA,ICED TEA,آيس تي,HIGH,
PRD-00072,ICED TEA PEACH,آيس تي بيتش,PENDING,CAT-002,COLD DRINKS,COLD-TEA,ICED TEA,آيس تي,HIGH,
PRD-00073,ICED TEA LEMON,آيس تي ليمون,PENDING,CAT-002,COLD DRINKS,COLD-TEA,ICED TEA,آيس تي,HIGH,
PRD-00074,ICED TEA MIX,آيس تي مكس,PENDING,CAT-002,COLD DRINKS,COLD-TEA,ICED TEA,آيس تي,HIGH,
PRD-00075,KIDS STRAWBERRY,كيدز فراولة,PENDING,CAT-002,COLD DRINKS,COLD-CHM,"CHOCOLATE, MATCHA & MORE",شوكولاتة وماتشا والمزيد,MEDIUM,"مشروب أطفال؛ صنف وحيد فلا داعي لقسم ""أطفال"" مستقل"
PRD-00076,MOJITO 7UP,موهيتو سفن أب,PENDING,CAT-003,FIZZY DRINKS,FZ-MOJ,MOJITO,موهيتو,HIGH,
PRD-00077,CODE RED,كود رد,PENDING,CAT-003,FIZZY DRINKS,PENDING,PENDING OWNER REVIEW,بانتظار مراجعة الـOwner,PENDING OWNER REVIEW,هل هو مشروب طاقة أم مشروب غازي؟ لا نصنّفه من عندنا
PRD-00078,RED BULL,ريد بُل,PENDING,CAT-003,FIZZY DRINKS,FZ-NRG,ENERGY,مشروبات طاقة,HIGH,
PRD-00079,7UP,سفن أب,PENDING,CAT-003,FIZZY DRINKS,FZ-SFT,SOFT DRINKS & WATER,مشروبات غازية ومياه,HIGH,
PRD-00080,MINERAL WATER,مياه معدنية,APPROVED,CAT-003,FIZZY DRINKS,FZ-SFT,SOFT DRINKS & WATER,مشروبات غازية ومياه,HIGH,"ليس غازيًا؛ القسم اسمه ""ومياه"""
PRD-00081,MOJITO SODA,موهيتو صودا,PENDING,CAT-003,FIZZY DRINKS,FZ-MOJ,MOJITO,موهيتو,HIGH,
PRD-00082,SHELTER ENERGY CODE RED,شلتر إنرجي كود رد,APPROVED,CAT-003,FIZZY DRINKS,FZ-NRG,ENERGY,مشروبات طاقة,MEDIUM,كلمة ENERGY في الاسم
PRD-00083,RED BULL (SUGAR-FREE),ريد بُل بدون سكر,PENDING,CAT-003,FIZZY DRINKS,FZ-NRG,ENERGY,مشروبات طاقة,HIGH,
PRD-00084,7UP SHELTER,سفن أب شلتر,APPROVED,CAT-003,FIZZY DRINKS,FZ-SFT,SOFT DRINKS & WATER,مشروبات غازية ومياه,HIGH,
PRD-00085,MOJITO CODE RED,موهيتو كود رد,PENDING,CAT-003,FIZZY DRINKS,FZ-MOJ,MOJITO,موهيتو,HIGH,
PRD-00086,SHELTER ENERGY RED BULL,شلتر إنرجي ريد بُل,APPROVED,CAT-003,FIZZY DRINKS,FZ-NRG,ENERGY,مشروبات طاقة,HIGH,
PRD-00087,MOJITO RED BULL,موهيتو ريد بُل,PENDING,CAT-003,FIZZY DRINKS,FZ-MOJ,MOJITO,موهيتو,HIGH,
PRD-00088,RED BULL WATERMELON,ريد بُل بطيخ,PENDING,CAT-003,FIZZY DRINKS,FZ-NRG,ENERGY,مشروبات طاقة,HIGH,
PRD-00089,RED BULL COCONUT,ريد بُل جوز هند,PENDING,CAT-003,FIZZY DRINKS,FZ-NRG,ENERGY,مشروبات طاقة,HIGH,
PRD-00090,SODA SUMMER CRUSH,صودا سامر كراش,PENDING,CAT-003,FIZZY DRINKS,FZ-SFT,SOFT DRINKS & WATER,مشروبات غازية ومياه,MEDIUM,صودا بالاسم
